category,cid,follower_count,time_node,total_comment,total_favorited,total_play_count,total_share
三农,YrKafmwdTVX7MX6xrZM0nziTGx_qcZPF,588639,2023-06-01 00:00:00,0,-2,0,0
三农,YrKafmwdTVX7MX6xrZM0nziTGx_qcZPF,588587,2023-06-02 00:00:00,0,-14,0,0
三农,YrKafmwdTVX7MX6xrZM0nziTGx_qcZPF,588509,2023-06-03 00:00:00,0,-1,0,0
三农,YrKafmwdTVX7MX6xrZM0nziTGx_qcZPF,588429,2023-06-04 00:00:00,0,47,0,0
三农,YrKafmwdTVX7MX6xrZM0nziTGx_qcZPF,588366,2023-06-05 00:00:00,0,53,0,0
三农,YrKafmwdTVX7MX6xrZM0nziTGx_qcZPF,588282,2023-06-06 00:00:00,0,37,0,0
三农,YrKafmwdTVX7MX6xrZM0nziTGx_qcZPF,588218,2023-06-07 00:00:00,0,36,0,0
三农,YrKafmwdTVX7MX6xrZM0nziTGx_qcZPF,588128,2023-06-08 00:00:00,0,27,0,0
三农,YrKafmwdTVX7MX6xrZM0nziTGx_qcZPF,588046,2023-06-09 00:00:00,0,20,0,0
三农,YrKafmwdTVX7MX6xrZM0nziTGx_qcZPF,587976,2023-06-10 00:00:00,0,27,0,0
三农,YrKafmwdTVX7MX6xrZM0nziTGx_qcZPF,587891,2023-06-11 00:00:00,0,46,0,0
三农,YrKafmwdTVX7MX6xrZM0nziTGx_qcZPF,587803,2023-06-12 00:00:00,0,35,0,0
三农,YrKafmwdTVX7MX6xrZM0nziTGx_qcZPF,587732,2023-06-13 00:00:00,0,28,0,0
三农,YrKafmwdTVX7MX6xrZM0nziTGx_qcZPF,587647,2023-06-14 00:00:00,0,38,0,0
三农,YrKafmwdTVX7MX6xrZM0nziTGx_qcZPF,587575,2023-06-15 00:00:00,0,48,0,0
三农,YrKafmwdTVX7MX6xrZM0nziTGx_qcZPF,587485,2023-06-16 00:00:00,0,82,0,0
三农,YrKafmwdTVX7MX6xrZM0nziTGx_qcZPF,587446,2023-06-17 00:00:00,0,207,0,0
三农,YrKafmwdTVX7MX6xrZM0nziTGx_qcZPF,587361,2023-06-18 00:00:00,0,304,0,0
三农,YrKafmwdTVX7MX6xrZM0nziTGx_qcZPF,587315,2023-06-19 00:00:00,0,555,0,0
三农,YrKafmwdTVX7MX6xrZM0nziTGx_qcZPF,587255,2023-06-20 00:00:00,0,610,0,0
三农,YrKafmwdTVX7MX6xrZM0nziTGx_qcZPF,587202,2023-06-21 00:00:00,0,802,0,0
三农,YrKafmwdTVX7MX6xrZM0nziTGx_qcZPF,587150,2023-06-22 00:00:00,0,946,0,0
三农,YrKafmwdTVX7MX6xrZM0nziTGx_qcZPF,587095,2023-06-23 00:00:00,0,1127,0,0
三农,YrKafmwdTVX7MX6xrZM0nziTGx_qcZPF,587008,2023-06-24 00:00:00,0,1183,0,0
三农,YrKafmwdTVX7MX6xrZM0nziTGx_qcZPF,586905,2023-06-25 00:00:00,0,1247,0,0
三农,YrKafmwdTVX7MX6xrZM0nziTGx_qcZPF,586841,2023-06-26 00:00:00,0,1342,0,0
三农,YrKafmwdTVX7MX6xrZM0nziTGx_qcZPF,586774,2023-06-27 00:00:00,0,1378,0,0
三农,YrKafmwdTVX7MX6xrZM0nziTGx_qcZPF,586751,2023-06-28 00:00:00,0,1598,0,0
三农,YrKafmwdTVX7MX6xrZM0nziTGx_qcZPF,586700,2023-06-29 00:00:00,0,1716,0,0
三农,YrKafmwdTVX7MX6xrZM0nziTGx_qcZPF,586648,2023-06-30 00:00:00,0,1785,0,0
三农,YrKafmwdTVX7MX6xrZM0nziTGx_qcZPF,586599,2023-07-01 00:00:00,0,32,0,0
三农,YrKafmwdTVX7MX6xrZM0nziTGx_qcZPF,586475,2023-07-02 00:00:00,0,302,0,0
三农,YrKafmwdTVX7MX6xrZM0nziTGx_qcZPF,586408,2023-07-03 00:00:00,0,385,0,0
三农,YrKafmwdTVX7MX6xrZM0nziTGx_qcZPF,586315,2023-07-04 00:00:00,0,476,0,0
三农,YrKafmwdTVX7MX6xrZM0nziTGx_qcZPF,586197,2023-07-05 00:00:00,0,532,0,0
三农,YrKafmwdTVX7MX6xrZM0nziTGx_qcZPF,586096,2023-07-06 00:00:00,0,591,0,0
三农,YrKafmwdTVX7MX6xrZM0nziTGx_qcZPF,586008,2023-07-07 00:00:00,0,619,0,0
三农,YrKafmwdTVX7MX6xrZM0nziTGx_qcZPF,585914,2023-07-08 00:00:00,0,650,0,0
三农,YrKafmwdTVX7MX6xrZM0nziTGx_qcZPF,585855,2023-07-09 00:00:00,0,657,0,0
三农,YrKafmwdTVX7MX6xrZM0nziTGx_qcZPF,585735,2023-07-10 00:00:00,0,644,0,0
三农,YrKafmwdTVX7MX6xrZM0nziTGx_qcZPF,585693,2023-07-11 00:00:00,0,660,0,0
三农,YrKafmwdTVX7MX6xrZM0nziTGx_qcZPF,585597,2023-07-12 00:00:00,0,634,0,0
三农,YrKafmwdTVX7MX6xrZM0nziTGx_qcZPF,585522,2023-07-13 00:00:00,0,677,0,0
三农,YrKafmwdTVX7MX6xrZM0nziTGx_qcZPF,585444,2023-07-14 00:00:00,0,669,0,0
三农,YrKafmwdTVX7MX6xrZM0nziTGx_qcZPF,585339,2023-07-15 00:00:00,0,657,0,0
三农,YrKafmwdTVX7MX6xrZM0nziTGx_qcZPF,585246,2023-07-16 00:00:00,0,675,0,0
三农,YrKafmwdTVX7MX6xrZM0nziTGx_qcZPF,585139,2023-07-17 00:00:00,0,913,0,0
三农,YrKafmwdTVX7MX6xrZM0nziTGx_qcZPF,584919,2023-07-18 00:00:00,0,1025,0,0
三农,YrKafmwdTVX7MX6xrZM0nziTGx_qcZPF,584851,2023-07-19 00:00:00,0,1056,0,0
三农,YrKafmwdTVX7MX6xrZM0nziTGx_qcZPF,584742,2023-07-20 00:00:00,0,1072,0,0
三农,YrKafmwdTVX7MX6xrZM0nziTGx_qcZPF,584644,2023-07-21 00:00:00,0,1080,0,0
三农,YrKafmwdTVX7MX6xrZM0nziTGx_qcZPF,584558,2023-07-22 00:00:00,0,1122,0,0
三农,YrKafmwdTVX7MX6xrZM0nziTGx_qcZPF,584492,2023-07-23 00:00:00,0,1143,0,0
三农,YrKafmwdTVX7MX6xrZM0nziTGx_qcZPF,584365,2023-07-24 00:00:00,0,1157,0,0
三农,YrKafmwdTVX7MX6xrZM0nziTGx_qcZPF,584261,2023-07-25 00:00:00,0,1169,0,0
三农,YrKafmwdTVX7MX6xrZM0nziTGx_qcZPF,584223,2023-07-26 00:00:00,0,1176,0,0
三农,YrKafmwdTVX7MX6xrZM0nziTGx_qcZPF,584098,2023-07-27 00:00:00,0,1190,0,0
三农,YrKafmwdTVX7MX6xrZM0nziTGx_qcZPF,583994,2023-07-28 00:00:00,0,1206,0,0
三农,YrKafmwdTVX7MX6xrZM0nziTGx_qcZPF,583906,2023-07-29 00:00:00,0,1228,0,0
三农,YrKafmwdTVX7MX6xrZM0nziTGx_qcZPF,583787,2023-07-30 00:00:00,0,1301,0,0
三农,YrKafmwdTVX7MX6xrZM0nziTGx_qcZPF,583696,2023-07-31 00:00:00,0,1318,0,0
三农,YrKafmwdTVX7MX6xrZM0nziTGx_qcZPF,583594,2023-08-01 00:00:00,0,48,0,0
三农,YrKafmwdTVX7MX6xrZM0nziTGx_qcZPF,583499,2023-08-02 00:00:00,0,95,0,0
三农,YrKafmwdTVX7MX6xrZM0nziTGx_qcZPF,583370,2023-08-03 00:00:00,0,107,0,0
三农,YrKafmwdTVX7MX6xrZM0nziTGx_qcZPF,583277,2023-08-04 00:00:00,0,182,0,0
三农,YrKafmwdTVX7MX6xrZM0nziTGx_qcZPF,583194,2023-08-05 00:00:00,0,266,0,0
三农,YrKafmwdTVX7MX6xrZM0nziTGx_qcZPF,583102,2023-08-06 00:00:00,0,304,0,0
三农,YrKafmwdTVX7MX6xrZM0nziTGx_qcZPF,582985,2023-08-07 00:00:00,0,365,0,0
三农,YrKafmwdTVX7MX6xrZM0nziTGx_qcZPF,582893,2023-08-08 00:00:00,0,410,0,0
三农,YrKafmwdTVX7MX6xrZM0nziTGx_qcZPF,582823,2023-08-09 00:00:00,0,456,0,0
三农,YrKafmwdTVX7MX6xrZM0nziTGx_qcZPF,582738,2023-08-10 00:00:00,0,499,0,0
三农,YrKafmwdTVX7MX6xrZM0nziTGx_qcZPF,582659,2023-08-11 00:00:00,0,554,0,0
三农,YrKafmwdTVX7MX6xrZM0nziTGx_qcZPF,582659,2023-08-12 00:00:00,0,554,0,0
三农,YrKafmwdTVX7MX6xrZM0nziTGx_qcZPF,582490,2023-08-13 00:00:00,0,579,0,0
三农,YrKafmwdTVX7MX6xrZM0nziTGx_qcZPF,582365,2023-08-14 00:00:00,0,612,0,0
三农,YrKafmwdTVX7MX6xrZM0nziTGx_qcZPF,582277,2023-08-15 00:00:00,0,636,0,0
三农,YrKafmwdTVX7MX6xrZM0nziTGx_qcZPF,582277,2023-08-16 00:00:00,0,636,0,0
三农,YrKafmwdTVX7MX6xrZM0nziTGx_qcZPF,582090,2023-08-17 00:00:00,0,703,0,0
三农,YrKafmwdTVX7MX6xrZM0nziTGx_qcZPF,581985,2023-08-18 00:00:00,0,750,0,0
三农,YrKafmwdTVX7MX6xrZM0nziTGx_qcZPF,581920,2023-08-19 00:00:00,0,771,0,0
三农,YrKafmwdTVX7MX6xrZM0nziTGx_qcZPF,581920,2023-08-20 00:00:00,0,771,0,0
三农,YrKafmwdTVX7MX6xrZM0nziTGx_qcZPF,581920,2023-08-21 00:00:00,0,771,0,0
三农,YrKafmwdTVX7MX6xrZM0nziTGx_qcZPF,581920,2023-08-22 00:00:00,0,771,0,0
三农,YrKafmwdTVX7MX6xrZM0nziTGx_qcZPF,581598,2023-08-23 00:00:00,0,3119,0,0
三农,YrKafmwdTVX7MX6xrZM0nziTGx_qcZPF,581576,2023-08-24 00:00:00,0,3369,0,0
三农,YrKafmwdTVX7MX6xrZM0nziTGx_qcZPF,581506,2023-08-25 00:00:00,0,3689,0,0
三农,YrKafmwdTVX7MX6xrZM0nziTGx_qcZPF,581454,2023-08-26 00:00:00,0,4152,0,0
三农,YrKafmwdTVX7MX6xrZM0nziTGx_qcZPF,581382,2023-08-27 00:00:00,0,4334,0,0
三农,YrKafmwdTVX7MX6xrZM0nziTGx_qcZPF,581302,2023-08-28 00:00:00,0,4559,0,0
三农,YrKafmwdTVX7MX6xrZM0nziTGx_qcZPF,581233,2023-08-29 00:00:00,119,5094,339469,181
三农,YrKafmwdTVX7MX6xrZM0nziTGx_qcZPF,581204,2023-08-30 00:00:00,120,5122,339469,187
三农,YrKafmwdTVX7MX6xrZM0nziTGx_qcZPF,581086,2023-08-31 00:00:00,124,5282,339469,193
三农,YrKafmwdTVX7MX6xrZM0nziTGx_qcZPF,581086,2023-09-01 00:00:00,0,0,0,0
三农,YrKafmwdTVX7MX6xrZM0nziTGx_qcZPF,580955,2023-09-02 00:00:00,0,83,0,0
三农,YrKafmwdTVX7MX6xrZM0nziTGx_qcZPF,580874,2023-09-03 00:00:00,0,148,0,0
三农,YrKafmwdTVX7MX6xrZM0nziTGx_qcZPF,580811,2023-09-04 00:00:00,15,221,0,11
三农,YrKafmwdTVX7MX6xrZM0nziTGx_qcZPF,580733,2023-09-05 00:00:00,15,297,0,11
三农,YrKafmwdTVX7MX6xrZM0nziTGx_qcZPF,580661,2023-09-06 00:00:00,15,326,0,11
三农,YrKafmwdTVX7MX6xrZM0nziTGx_qcZPF,580621,2023-09-07 00:00:00,27,486,0,23
三农,YrKafmwdTVX7MX6xrZM0nziTGx_qcZPF,580554,2023-09-08 00:00:00,27,617,0,23
三农,YrKafmwdTVX7MX6xrZM0nziTGx_qcZPF,580514,2023-09-09 00:00:00,27,649,0,23
三农,YrKafmwdTVX7MX6xrZM0nziTGx_qcZPF,580447,2023-09-10 00:00:00,33,713,0,33
三农,YrKafmwdTVX7MX6xrZM0nziTGx_qcZPF,580364,2023-09-11 00:00:00,33,844,0,33
三农,YrKafmwdTVX7MX6xrZM0nziTGx_qcZPF,580307,2023-09-12 00:00:00,33,922,0,34
三农,YrKafmwdTVX7MX6xrZM0nziTGx_qcZPF,580307,2023-09-13 00:00:00,33,922,0,34
三农,YrKafmwdTVX7MX6xrZM0nziTGx_qcZPF,580179,2023-09-14 00:00:00,33,973,0,34
三农,YrKafmwdTVX7MX6xrZM0nziTGx_qcZPF,580132,2023-09-15 00:00:00,33,990,0,34
三农,YrKafmwdTVX7MX6xrZM0nziTGx_qcZPF,580047,2023-09-16 00:00:00,33,1055,0,34
三农,YrKafmwdTVX7MX6xrZM0nziTGx_qcZPF,580047,2023-09-17 00:00:00,33,1055,0,34
三农,YrKafmwdTVX7MX6xrZM0nziTGx_qcZPF,580047,2023-09-18 00:00:00,33,1055,0,34
三农,YrKafmwdTVX7MX6xrZM0nziTGx_qcZPF,579855,2023-09-19 00:00:00,33,1164,0,34
三农,YrKafmwdTVX7MX6xrZM0nziTGx_qcZPF,579855,2023-09-20 00:00:00,37,1164,0,45
三农,YrKafmwdTVX7MX6xrZM0nziTGx_qcZPF,579855,2023-09-21 00:00:00,37,1164,0,45
三农,YrKafmwdTVX7MX6xrZM0nziTGx_qcZPF,579670,2023-09-22 00:00:00,37,1279,0,45
三农,YrKafmwdTVX7MX6xrZM0nziTGx_qcZPF,579670,2023-09-23 00:00:00,37,1279,0,45
三农,YrKafmwdTVX7MX6xrZM0nziTGx_qcZPF,579532,2023-09-24 00:00:00,37,1291,0,45
三农,YrKafmwdTVX7MX6xrZM0nziTGx_qcZPF,579532,2023-09-25 00:00:00,37,1291,0,45
三农,YrKafmwdTVX7MX6xrZM0nziTGx_qcZPF,579532,2023-09-26 00:00:00,37,1291,0,45
三农,YrKafmwdTVX7MX6xrZM0nziTGx_qcZPF,579532,2023-09-27 00:00:00,37,1291,0,45
三农,YrKafmwdTVX7MX6xrZM0nziTGx_qcZPF,579532,2023-09-28 00:00:00,37,1291,0,45
三农,YrKafmwdTVX7MX6xrZM0nziTGx_qcZPF,579532,2023-09-29 00:00:00,37,1291,0,45
三农,YrKafmwdTVX7MX6xrZM0nziTGx_qcZPF,579532,2023-09-30 00:00:00,37,1291,0,45
三农,YrKafmwdTVX7MX6xrZM0nziTGx_qcZPF,579532,2023-10-01 00:00:00,0,0,0,0
三农,YrKafmwdTVX7MX6xrZM0nziTGx_qcZPF,579053,2023-10-02 00:00:00,0,365,0,0
三农,YrKafmwdTVX7MX6xrZM0nziTGx_qcZPF,579053,2023-10-03 00:00:00,0,365,0,0
三农,YrKafmwdTVX7MX6xrZM0nziTGx_qcZPF,579053,2023-10-04 00:00:00,0,365,0,0
三农,YrKafmwdTVX7MX6xrZM0nziTGx_qcZPF,579053,2023-10-05 00:00:00,0,365,0,0
三农,YrKafmwdTVX7MX6xrZM0nziTGx_qcZPF,579053,2023-10-06 00:00:00,0,365,0,0
三农,YrKafmwdTVX7MX6xrZM0nziTGx_qcZPF,579053,2023-10-07 00:00:00,0,365,0,0
三农,YrKafmwdTVX7MX6xrZM0nziTGx_qcZPF,579053,2023-10-08 00:00:00,0,365,0,0
三农,YrKafmwdTVX7MX6xrZM0nziTGx_qcZPF,579053,2023-10-09 00:00:00,0,365,0,0
三农,YrKafmwdTVX7MX6xrZM0nziTGx_qcZPF,578425,2023-10-10 00:00:00,0,867,0,0
三农,YrKafmwdTVX7MX6xrZM0nziTGx_qcZPF,578425,2023-10-11 00:00:00,0,867,0,0
三农,YrKafmwdTVX7MX6xrZM0nziTGx_qcZPF,578425,2023-10-12 00:00:00,0,867,0,0
三农,YrKafmwdTVX7MX6xrZM0nziTGx_qcZPF,578425,2023-10-13 00:00:00,0,867,0,0
三农,YrKafmwdTVX7MX6xrZM0nziTGx_qcZPF,578425,2023-10-14 00:00:00,0,867,0,0
三农,YrKafmwdTVX7MX6xrZM0nziTGx_qcZPF,578425,2023-10-15 00:00:00,0,867,0,0
三农,YrKafmwdTVX7MX6xrZM0nziTGx_qcZPF,578425,2023-10-16 00:00:00,0,867,0,0
三农,YrKafmwdTVX7MX6xrZM0nziTGx_qcZPF,578425,2023-10-17 00:00:00,0,867,0,0
三农,YrKafmwdTVX7MX6xrZM0nziTGx_qcZPF,577844,2023-10-18 00:00:00,0,1197,0,0
三农,YrKafmwdTVX7MX6xrZM0nziTGx_qcZPF,577748,2023-10-19 00:00:00,0,1251,0,0
三农,YrKafmwdTVX7MX6xrZM0nziTGx_qcZPF,577672,2023-10-20 00:00:00,0,1265,0,0
三农,YrKafmwdTVX7MX6xrZM0nziTGx_qcZPF,577602,2023-10-21 00:00:00,0,1304,0,0
三农,YrKafmwdTVX7MX6xrZM0nziTGx_qcZPF,577540,2023-10-22 00:00:00,0,1348,0,0
三农,YrKafmwdTVX7MX6xrZM0nziTGx_qcZPF,577461,2023-10-23 00:00:00,0,1359,0,0
三农,YrKafmwdTVX7MX6xrZM0nziTGx_qcZPF,577437,2023-10-24 00:00:00,0,1382,0,0
三农,YrKafmwdTVX7MX6xrZM0nziTGx_qcZPF,577348,2023-10-25 00:00:00,0,1418,0,0
三农,YrKafmwdTVX7MX6xrZM0nziTGx_qcZPF,577295,2023-10-26 00:00:00,0,1415,0,0
三农,YrKafmwdTVX7MX6xrZM0nziTGx_qcZPF,577221,2023-10-27 00:00:00,0,1425,0,0
三农,YrKafmwdTVX7MX6xrZM0nziTGx_qcZPF,577116,2023-10-28 00:00:00,0,1467,0,0
三农,YrKafmwdTVX7MX6xrZM0nziTGx_qcZPF,577052,2023-10-29 00:00:00,0,1487,0,0
三农,YrKafmwdTVX7MX6xrZM0nziTGx_qcZPF,576951,2023-10-30 00:00:00,0,1588,0,0
三农,YrKafmwdTVX7MX6xrZM0nziTGx_qcZPF,576915,2023-10-31 00:00:00,0,1609,0,0
三农,YrKafmwdTVX7MX6xrZM0nziTGx_qcZPF,576870,2023-11-01 00:00:00,0,22,0,0
三农,YrKafmwdTVX7MX6xrZM0nziTGx_qcZPF,576782,2023-11-02 00:00:00,0,51,0,0
三农,YrKafmwdTVX7MX6xrZM0nziTGx_qcZPF,576724,2023-11-03 00:00:00,0,103,0,0
三农,YrKafmwdTVX7MX6xrZM0nziTGx_qcZPF,576661,2023-11-04 00:00:00,0,82,0,0
三农,YrKafmwdTVX7MX6xrZM0nziTGx_qcZPF,576544,2023-11-05 00:00:00,0,2017,0,0
三农,YrKafmwdTVX7MX6xrZM0nziTGx_qcZPF,576527,2023-11-06 00:00:00,290,2290,158807,1241
三农,YrKafmwdTVX7MX6xrZM0nziTGx_qcZPF,576450,2023-11-07 00:00:00,303,3068,203218,1286
三农,YrKafmwdTVX7MX6xrZM0nziTGx_qcZPF,576394,2023-11-08 00:00:00,315,3311,203218,1307
三农,YrKafmwdTVX7MX6xrZM0nziTGx_qcZPF,576355,2023-11-09 00:00:00,324,3483,203218,1341
三农,YrKafmwdTVX7MX6xrZM0nziTGx_qcZPF,576318,2023-11-10 00:00:00,336,3582,227243,1366
三农,YrKafmwdTVX7MX6xrZM0nziTGx_qcZPF,576277,2023-11-11 00:00:00,341,3739,227243,1379
三农,YrKafmwdTVX7MX6xrZM0nziTGx_qcZPF,576192,2023-11-12 00:00:00,341,3965,227243,1391
三农,YrKafmwdTVX7MX6xrZM0nziTGx_qcZPF,576138,2023-11-13 00:00:00,345,4082,227243,1400
三农,YrKafmwdTVX7MX6xrZM0nziTGx_qcZPF,576087,2023-11-14 00:00:00,345,4122,227243,1400
三农,YrKafmwdTVX7MX6xrZM0nziTGx_qcZPF,576027,2023-11-15 00:00:00,345,4484,227243,1400
三农,YrKafmwdTVX7MX6xrZM0nziTGx_qcZPF,575956,2023-11-16 00:00:00,346,4977,227243,1404
三农,YrKafmwdTVX7MX6xrZM0nziTGx_qcZPF,575888,2023-11-17 00:00:00,346,5138,227243,1408
三农,YrKafmwdTVX7MX6xrZM0nziTGx_qcZPF,575841,2023-11-18 00:00:00,479,5333,271613,1759
三农,YrKafmwdTVX7MX6xrZM0nziTGx_qcZPF,575737,2023-11-19 00:00:00,491,5527,271613,1787
三农,YrKafmwdTVX7MX6xrZM0nziTGx_qcZPF,575676,2023-11-20 00:00:00,498,5707,271613,1816
三农,YrKafmwdTVX7MX6xrZM0nziTGx_qcZPF,575580,2023-11-21 00:00:00,507,6095,271613,1866
三农,YrKafmwdTVX7MX6xrZM0nziTGx_qcZPF,575511,2023-11-22 00:00:00,508,6256,271613,1871
三农,YrKafmwdTVX7MX6xrZM0nziTGx_qcZPF,575443,2023-11-23 00:00:00,509,6350,271613,1884
三农,YrKafmwdTVX7MX6xrZM0nziTGx_qcZPF,575377,2023-11-24 00:00:00,512,6379,271613,1898
三农,YrKafmwdTVX7MX6xrZM0nziTGx_qcZPF,575331,2023-11-25 00:00:00,515,6446,271613,1918
三农,YrKafmwdTVX7MX6xrZM0nziTGx_qcZPF,575239,2023-11-26 00:00:00,515,6576,271613,1940
三农,YrKafmwdTVX7MX6xrZM0nziTGx_qcZPF,575154,2023-11-27 00:00:00,520,6651,271613,1959
三农,YrKafmwdTVX7MX6xrZM0nziTGx_qcZPF,575108,2023-11-28 00:00:00,525,6709,271613,1968
三农,YrKafmwdTVX7MX6xrZM0nziTGx_qcZPF,575031,2023-11-29 00:00:00,525,6758,271613,1968
三农,YrKafmwdTVX7MX6xrZM0nziTGx_qcZPF,574962,2023-11-30 00:00:00,525,6814,271613,1974
三农,YrKafmwdTVX7MX6xrZM0nziTGx_qcZPF,574908,2023-12-01 00:00:00,1,39,0,10
三农,YrKafmwdTVX7MX6xrZM0nziTGx_qcZPF,574850,2023-12-02 00:00:00,2,116,0,13
三农,YrKafmwdTVX7MX6xrZM0nziTGx_qcZPF,574784,2023-12-03 00:00:00,2,273,0,15
三农,YrKafmwdTVX7MX6xrZM0nziTGx_qcZPF,574763,2023-12-04 00:00:00,5,309,0,23
三农,YrKafmwdTVX7MX6xrZM0nziTGx_qcZPF,574633,2023-12-05 00:00:00,7,956,0,38
三农,YrKafmwdTVX7MX6xrZM0nziTGx_qcZPF,574548,2023-12-06 00:00:00,8,1376,0,59
三农,YrKafmwdTVX7MX6xrZM0nziTGx_qcZPF,574488,2023-12-07 00:00:00,39,1502,17192,115
三农,YrKafmwdTVX7MX6xrZM0nziTGx_qcZPF,574417,2023-12-08 00:00:00,39,1658,17192,119
三农,YrKafmwdTVX7MX6xrZM0nziTGx_qcZPF,574332,2023-12-09 00:00:00,42,1921,17192,127
三农,YrKafmwdTVX7MX6xrZM0nziTGx_qcZPF,574329,2023-12-10 00:00:00,45,2048,17192,141
三农,YrKafmwdTVX7MX6xrZM0nziTGx_qcZPF,574240,2023-12-11 00:00:00,47,2232,17192,144
三农,YrKafmwdTVX7MX6xrZM0nziTGx_qcZPF,574161,2023-12-12 00:00:00,50,2274,17192,157
三农,YrKafmwdTVX7MX6xrZM0nziTGx_qcZPF,574119,2023-12-13 00:00:00,51,2302,17192,159
三农,YrKafmwdTVX7MX6xrZM0nziTGx_qcZPF,574061,2023-12-14 00:00:00,51,2322,17192,159
三农,YrKafmwdTVX7MX6xrZM0nziTGx_qcZPF,573990,2023-12-15 00:00:00,53,2411,17192,159
三农,YrKafmwdTVX7MX6xrZM0nziTGx_qcZPF,573930,2023-12-16 00:00:00,53,2433,17192,160
三农,YrKafmwdTVX7MX6xrZM0nziTGx_qcZPF,573826,2023-12-17 00:00:00,53,2473,17192,161
三农,YrKafmwdTVX7MX6xrZM0nziTGx_qcZPF,573786,2023-12-18 00:00:00,53,2467,17192,165
三农,YrKafmwdTVX7MX6xrZM0nziTGx_qcZPF,573736,2023-12-19 00:00:00,53,2439,17192,166
三农,YrKafmwdTVX7MX6xrZM0nziTGx_qcZPF,573664,2023-12-20 00:00:00,53,2437,17192,166
三农,YrKafmwdTVX7MX6xrZM0nziTGx_qcZPF,573559,2023-12-21 00:00:00,53,2416,17192,166
三农,YrKafmwdTVX7MX6xrZM0nziTGx_qcZPF,573559,2023-12-22 00:00:00,53,2416,17192,166
三农,YrKafmwdTVX7MX6xrZM0nziTGx_qcZPF,573467,2023-12-23 00:00:00,53,2451,17192,166
三农,YrKafmwdTVX7MX6xrZM0nziTGx_qcZPF,573361,2023-12-24 00:00:00,53,2550,17192,166
三农,YrKafmwdTVX7MX6xrZM0nziTGx_qcZPF,573321,2023-12-25 00:00:00,53,2544,17192,167
三农,YrKafmwdTVX7MX6xrZM0nziTGx_qcZPF,573276,2023-12-26 00:00:00,53,2571,17192,167
三农,YrKafmwdTVX7MX6xrZM0nziTGx_qcZPF,573173,2023-12-27 00:00:00,53,2585,17192,167
三农,YrKafmwdTVX7MX6xrZM0nziTGx_qcZPF,573130,2023-12-28 00:00:00,53,2565,17192,167
三农,YrKafmwdTVX7MX6xrZM0nziTGx_qcZPF,573044,2023-12-29 00:00:00,53,2583,17192,168
三农,YrKafmwdTVX7MX6xrZM0nziTGx_qcZPF,572999,2023-12-30 00:00:00,53,2547,17192,168
三农,YrKafmwdTVX7MX6xrZM0nziTGx_qcZPF,572916,2023-12-31 00:00:00,53,2536,17192,168
三农,YrKafmwdTVX7MX6xrZM0nziTGx_qcZPF,572851,2024-01-01 00:00:00,0,3,0,1
三农,YrKafmwdTVX7MX6xrZM0nziTGx_qcZPF,572785,2024-01-02 00:00:00,0,-12,0,1
三农,YrKafmwdTVX7MX6xrZM0nziTGx_qcZPF,572698,2024-01-03 00:00:00,0,-26,0,2
三农,YrKafmwdTVX7MX6xrZM0nziTGx_qcZPF,572645,2024-01-04 00:00:00,0,-29,0,2
三农,YrKafmwdTVX7MX6xrZM0nziTGx_qcZPF,572624,2024-01-05 00:00:00,0,-40,0,2
三农,YrKafmwdTVX7MX6xrZM0nziTGx_qcZPF,572506,2024-01-06 00:00:00,0,13,0,2
三农,YrKafmwdTVX7MX6xrZM0nziTGx_qcZPF,572399,2024-01-07 00:00:00,0,10,0,2
三农,YrKafmwdTVX7MX6xrZM0nziTGx_qcZPF,572309,2024-01-08 00:00:00,0,-17,0,2
三农,YrKafmwdTVX7MX6xrZM0nziTGx_qcZPF,572227,2024-01-09 00:00:00,0,-13,0,2
三农,YrKafmwdTVX7MX6xrZM0nziTGx_qcZPF,572186,2024-01-10 00:00:00,0,-31,0,2
三农,YrKafmwdTVX7MX6xrZM0nziTGx_qcZPF,572117,2024-01-11 00:00:00,0,-52,0,2
三农,YrKafmwdTVX7MX6xrZM0nziTGx_qcZPF,572069,2024-01-12 00:00:00,0,322,0,2
三农,YrKafmwdTVX7MX6xrZM0nziTGx_qcZPF,572030,2024-01-13 00:00:00,0,333,0,2
三农,YrKafmwdTVX7MX6xrZM0nziTGx_qcZPF,571961,2024-01-14 00:00:00,0,317,0,2
三农,YrKafmwdTVX7MX6xrZM0nziTGx_qcZPF,571926,2024-01-15 00:00:00,0,311,0,2
三农,YrKafmwdTVX7MX6xrZM0nziTGx_qcZPF,571824,2024-01-16 00:00:00,0,294,0,2
三农,YrKafmwdTVX7MX6xrZM0nziTGx_qcZPF,571799,2024-01-17 00:00:00,0,287,0,2
三农,YrKafmwdTVX7MX6xrZM0nziTGx_qcZPF,571684,2024-01-18 00:00:00,0,296,0,2
三农,YrKafmwdTVX7MX6xrZM0nziTGx_qcZPF,571648,2024-01-19 00:00:00,0,281,0,2
三农,YrKafmwdTVX7MX6xrZM0nziTGx_qcZPF,571526,2024-01-20 00:00:00,0,273,0,2
三农,YrKafmwdTVX7MX6xrZM0nziTGx_qcZPF,571458,2024-01-21 00:00:00,0,312,0,2
三农,YrKafmwdTVX7MX6xrZM0nziTGx_qcZPF,571365,2024-01-22 00:00:00,0,275,0,2
三农,YrKafmwdTVX7MX6xrZM0nziTGx_qcZPF,571301,2024-01-23 00:00:00,0,271,0,2
三农,YrKafmwdTVX7MX6xrZM0nziTGx_qcZPF,571260,2024-01-24 00:00:00,0,262,0,2
三农,YrKafmwdTVX7MX6xrZM0nziTGx_qcZPF,571177,2024-01-25 00:00:00,0,228,0,2
三农,YrKafmwdTVX7MX6xrZM0nziTGx_qcZPF,571090,2024-01-26 00:00:00,0,213,0,2
三农,YrKafmwdTVX7MX6xrZM0nziTGx_qcZPF,571022,2024-01-27 00:00:00,0,252,0,2
三农,YrKafmwdTVX7MX6xrZM0nziTGx_qcZPF,570947,2024-01-28 00:00:00,0,252,0,2
三农,YrKafmwdTVX7MX6xrZM0nziTGx_qcZPF,570861,2024-01-29 00:00:00,0,275,0,2
三农,YrKafmwdTVX7MX6xrZM0nziTGx_qcZPF,570767,2024-01-30 00:00:00,0,313,0,2
三农,YrKafmwdTVX7MX6xrZM0nziTGx_qcZPF,570698,2024-01-31 00:00:00,0,246,0,2
三农,YrKafmwdTVX7MX6xrZM0nziTGx_qcZPF,570637,2024-02-01 00:00:00,0,-32,0,0
三农,YrKafmwdTVX7MX6xrZM0nziTGx_qcZPF,570553,2024-02-02 00:00:00,0,-61,0,0
三农,YrKafmwdTVX7MX6xrZM0nziTGx_qcZPF,570485,2024-02-03 00:00:00,0,-31,0,0
三农,YrKafmwdTVX7MX6xrZM0nziTGx_qcZPF,570414,2024-02-04 00:00:00,0,-52,0,0
三农,YrKafmwdTVX7MX6xrZM0nziTGx_qcZPF,570346,2024-02-05 00:00:00,0,-8,0,0
三农,YrKafmwdTVX7MX6xrZM0nziTGx_qcZPF,570260,2024-02-06 00:00:00,0,-28,0,0
三农,YrKafmwdTVX7MX6xrZM0nziTGx_qcZPF,570183,2024-02-07 00:00:00,0,-56,0,0
三农,YrKafmwdTVX7MX6xrZM0nziTGx_qcZPF,570124,2024-02-08 00:00:00,0,-43,0,0
三农,YrKafmwdTVX7MX6xrZM0nziTGx_qcZPF,570070,2024-02-09 00:00:00,0,209,0,0
三农,YrKafmwdTVX7MX6xrZM0nziTGx_qcZPF,570040,2024-02-10 00:00:00,0,311,0,0
三农,YrKafmwdTVX7MX6xrZM0nziTGx_qcZPF,569993,2024-02-11 00:00:00,0,384,0,0
三农,YrKafmwdTVX7MX6xrZM0nziTGx_qcZPF,569924,2024-02-12 00:00:00,0,444,0,0
三农,YrKafmwdTVX7MX6xrZM0nziTGx_qcZPF,569855,2024-02-13 00:00:00,0,476,0,0
三农,YrKafmwdTVX7MX6xrZM0nziTGx_qcZPF,569767,2024-02-14 00:00:00,0,537,0,0
三农,YrKafmwdTVX7MX6xrZM0nziTGx_qcZPF,569683,2024-02-15 00:00:00,0,554,0,0
三农,YrKafmwdTVX7MX6xrZM0nziTGx_qcZPF,569602,2024-02-16 00:00:00,0,520,0,0
三农,YrKafmwdTVX7MX6xrZM0nziTGx_qcZPF,569524,2024-02-17 00:00:00,0,518,0,0
三农,YrKafmwdTVX7MX6xrZM0nziTGx_qcZPF,569427,2024-02-18 00:00:00,0,492,0,0
三农,YrKafmwdTVX7MX6xrZM0nziTGx_qcZPF,569340,2024-02-19 00:00:00,0,488,0,0
三农,YrKafmwdTVX7MX6xrZM0nziTGx_qcZPF,569268,2024-02-20 00:00:00,0,465,0,0
三农,YrKafmwdTVX7MX6xrZM0nziTGx_qcZPF,569190,2024-02-21 00:00:00,0,513,0,0
三农,YrKafmwdTVX7MX6xrZM0nziTGx_qcZPF,569099,2024-02-22 00:00:00,0,487,0,0
三农,YrKafmwdTVX7MX6xrZM0nziTGx_qcZPF,569014,2024-02-23 00:00:00,0,505,0,0
三农,YrKafmwdTVX7MX6xrZM0nziTGx_qcZPF,568932,2024-02-24 00:00:00,0,543,0,0
三农,YrKafmwdTVX7MX6xrZM0nziTGx_qcZPF,568876,2024-02-25 00:00:00,0,547,0,0
三农,YrKafmwdTVX7MX6xrZM0nziTGx_qcZPF,568780,2024-02-26 00:00:00,0,540,0,0
三农,YrKafmwdTVX7MX6xrZM0nziTGx_qcZPF,568761,2024-02-27 00:00:00,0,526,0,0
三农,YrKafmwdTVX7MX6xrZM0nziTGx_qcZPF,568634,2024-02-28 00:00:00,0,484,0,0
三农,YrKafmwdTVX7MX6xrZM0nziTGx_qcZPF,568554,2024-02-29 00:00:00,0,468,0,0
三农,YrKafmwdTVX7MX6xrZM0nziTGx_qcZPF,568502,2024-03-01 00:00:00,0,37,0,0
三农,YrKafmwdTVX7MX6xrZM0nziTGx_qcZPF,568450,2024-03-02 00:00:00,0,134,0,0
三农,YrKafmwdTVX7MX6xrZM0nziTGx_qcZPF,568384,2024-03-03 00:00:00,0,154,0,0
三农,YrKafmwdTVX7MX6xrZM0nziTGx_qcZPF,568300,2024-03-04 00:00:00,0,144,0,0
三农,YrKafmwdTVX7MX6xrZM0nziTGx_qcZPF,568240,2024-03-05 00:00:00,0,136,0,0
三农,YrKafmwdTVX7MX6xrZM0nziTGx_qcZPF,568147,2024-03-06 00:00:00,0,84,0,0
三农,YrKafmwdTVX7MX6xrZM0nziTGx_qcZPF,568090,2024-03-07 00:00:00,0,5,0,0
三农,YrKafmwdTVX7MX6xrZM0nziTGx_qcZPF,568022,2024-03-08 00:00:00,0,-24,0,0
三农,YrKafmwdTVX7MX6xrZM0nziTGx_qcZPF,567959,2024-03-09 00:00:00,0,-29,0,0
三农,YrKafmwdTVX7MX6xrZM0nziTGx_qcZPF,567874,2024-03-10 00:00:00,0,-61,0,0
三农,YrKafmwdTVX7MX6xrZM0nziTGx_qcZPF,567810,2024-03-11 00:00:00,0,28,0,0
三农,YrKafmwdTVX7MX6xrZM0nziTGx_qcZPF,567770,2024-03-12 00:00:00,0,90,0,0
三农,YrKafmwdTVX7MX6xrZM0nziTGx_qcZPF,567714,2024-03-13 00:00:00,0,77,0,0
三农,YrKafmwdTVX7MX6xrZM0nziTGx_qcZPF,567636,2024-03-14 00:00:00,0,43,0,0
三农,YrKafmwdTVX7MX6xrZM0nziTGx_qcZPF,567549,2024-03-15 00:00:00,0,25,0,0
三农,YrKafmwdTVX7MX6xrZM0nziTGx_qcZPF,567452,2024-03-16 00:00:00,0,810,0,0
三农,YrKafmwdTVX7MX6xrZM0nziTGx_qcZPF,567397,2024-03-17 00:00:00,0,1744,0,0
三农,YrKafmwdTVX7MX6xrZM0nziTGx_qcZPF,567335,2024-03-18 00:00:00,0,2087,0,0
三农,YrKafmwdTVX7MX6xrZM0nziTGx_qcZPF,567279,2024-03-19 00:00:00,0,2264,0,0
三农,YrKafmwdTVX7MX6xrZM0nziTGx_qcZPF,567251,2024-03-20 00:00:00,0,2588,0,0
三农,YrKafmwdTVX7MX6xrZM0nziTGx_qcZPF,567196,2024-03-21 00:00:00,0,2724,0,0
三农,YrKafmwdTVX7MX6xrZM0nziTGx_qcZPF,567166,2024-03-22 00:00:00,0,3034,0,0
三农,YrKafmwdTVX7MX6xrZM0nziTGx_qcZPF,567098,2024-03-23 00:00:00,0,3100,0,0
三农,YrKafmwdTVX7MX6xrZM0nziTGx_qcZPF,567057,2024-03-24 00:00:00,0,3140,0,0
三农,YrKafmwdTVX7MX6xrZM0nziTGx_qcZPF,566959,2024-03-25 00:00:00,0,3428,0,0
三农,YrKafmwdTVX7MX6xrZM0nziTGx_qcZPF,566923,2024-03-26 00:00:00,0,3545,0,0
三农,YrKafmwdTVX7MX6xrZM0nziTGx_qcZPF,566867,2024-03-27 00:00:00,0,3765,0,0
三农,YrKafmwdTVX7MX6xrZM0nziTGx_qcZPF,566799,2024-03-28 00:00:00,0,3779,0,0
三农,YrKafmwdTVX7MX6xrZM0nziTGx_qcZPF,566751,2024-03-29 00:00:00,0,3801,0,0
三农,YrKafmwdTVX7MX6xrZM0nziTGx_qcZPF,566680,2024-03-30 00:00:00,0,3878,0,0
三农,YrKafmwdTVX7MX6xrZM0nziTGx_qcZPF,566615,2024-03-31 00:00:00,0,4002,0,0
三农,YrKafmwdTVX7MX6xrZM0nziTGx_qcZPF,566538,2024-04-01 00:00:00,0,21,0,0
三农,YrKafmwdTVX7MX6xrZM0nziTGx_qcZPF,566477,2024-04-02 00:00:00,0,39,0,0
三农,YrKafmwdTVX7MX6xrZM0nziTGx_qcZPF,566418,2024-04-03 00:00:00,0,45,0,0
三农,YrKafmwdTVX7MX6xrZM0nziTGx_qcZPF,566345,2024-04-04 00:00:00,0,60,0,0
三农,YrKafmwdTVX7MX6xrZM0nziTGx_qcZPF,566271,2024-04-05 00:00:00,0,93,0,0
三农,YrKafmwdTVX7MX6xrZM0nziTGx_qcZPF,566206,2024-04-06 00:00:00,0,70,0,0
三农,YrKafmwdTVX7MX6xrZM0nziTGx_qcZPF,566134,2024-04-07 00:00:00,0,56,0,0
三农,YrKafmwdTVX7MX6xrZM0nziTGx_qcZPF,566060,2024-04-08 00:00:00,0,86,0,0
三农,YrKafmwdTVX7MX6xrZM0nziTGx_qcZPF,566010,2024-04-09 00:00:00,0,81,0,0
三农,YrKafmwdTVX7MX6xrZM0nziTGx_qcZPF,565941,2024-04-10 00:00:00,0,116,0,0
三农,YrKafmwdTVX7MX6xrZM0nziTGx_qcZPF,565873,2024-04-11 00:00:00,0,114,0,0
三农,YrKafmwdTVX7MX6xrZM0nziTGx_qcZPF,565826,2024-04-12 00:00:00,0,177,0,0
三农,YrKafmwdTVX7MX6xrZM0nziTGx_qcZPF,565788,2024-04-13 00:00:00,0,188,0,0
三农,YrKafmwdTVX7MX6xrZM0nziTGx_qcZPF,565724,2024-04-14 00:00:00,0,202,0,0
三农,YrKafmwdTVX7MX6xrZM0nziTGx_qcZPF,565671,2024-04-15 00:00:00,0,214,0,0
三农,YrKafmwdTVX7MX6xrZM0nziTGx_qcZPF,565619,2024-04-16 00:00:00,0,172,0,0
三农,YrKafmwdTVX7MX6xrZM0nziTGx_qcZPF,565560,2024-04-17 00:00:00,0,132,0,0
三农,YrKafmwdTVX7MX6xrZM0nziTGx_qcZPF,565510,2024-04-18 00:00:00,0,107,0,0
三农,YrKafmwdTVX7MX6xrZM0nziTGx_qcZPF,565464,2024-04-19 00:00:00,0,76,0,0
三农,YrKafmwdTVX7MX6xrZM0nziTGx_qcZPF,565385,2024-04-20 00:00:00,0,8,0,0
三农,YrKafmwdTVX7MX6xrZM0nziTGx_qcZPF,565351,2024-04-21 00:00:00,0,-28,0,0
三农,YrKafmwdTVX7MX6xrZM0nziTGx_qcZPF,565291,2024-04-22 00:00:00,0,-75,0,0
三农,YrKafmwdTVX7MX6xrZM0nziTGx_qcZPF,565234,2024-04-23 00:00:00,0,-122,0,0
三农,YrKafmwdTVX7MX6xrZM0nziTGx_qcZPF,565186,2024-04-24 00:00:00,0,-179,0,0
三农,YrKafmwdTVX7MX6xrZM0nziTGx_qcZPF,565130,2024-04-25 00:00:00,0,-209,0,0
三农,YrKafmwdTVX7MX6xrZM0nziTGx_qcZPF,565062,2024-04-26 00:00:00,0,-259,0,0
三农,YrKafmwdTVX7MX6xrZM0nziTGx_qcZPF,564999,2024-04-27 00:00:00,0,-287,0,0
三农,YrKafmwdTVX7MX6xrZM0nziTGx_qcZPF,564946,2024-04-28 00:00:00,0,-297,0,0
三农,YrKafmwdTVX7MX6xrZM0nziTGx_qcZPF,564912,2024-04-29 00:00:00,0,-301,0,0
三农,YrKafmwdTVX7MX6xrZM0nziTGx_qcZPF,564876,2024-04-30 00:00:00,0,-332,0,0
三农,YrKafmwdTVX7MX6xrZM0nziTGx_qcZPF,564821,2024-05-01 00:00:00,0,-7,0,0
三农,YrKafmwdTVX7MX6xrZM0nziTGx_qcZPF,564770,2024-05-02 00:00:00,0,7,0,0
三农,YrKafmwdTVX7MX6xrZM0nziTGx_qcZPF,564678,2024-05-03 00:00:00,0,-15,0,0
三农,YrKafmwdTVX7MX6xrZM0nziTGx_qcZPF,564619,2024-05-04 00:00:00,0,-32,0,0
三农,YrKafmwdTVX7MX6xrZM0nziTGx_qcZPF,564535,2024-05-05 00:00:00,0,-58,0,0
三农,YrKafmwdTVX7MX6xrZM0nziTGx_qcZPF,564436,2024-05-06 00:00:00,0,-95,0,0
三农,YrKafmwdTVX7MX6xrZM0nziTGx_qcZPF,564392,2024-05-07 00:00:00,0,-115,0,0
三农,YrKafmwdTVX7MX6xrZM0nziTGx_qcZPF,564316,2024-05-08 00:00:00,0,-136,0,0
三农,YrKafmwdTVX7MX6xrZM0nziTGx_qcZPF,564251,2024-05-09 00:00:00,0,-118,0,0
三农,YrKafmwdTVX7MX6xrZM0nziTGx_qcZPF,564207,2024-05-10 00:00:00,0,-140,0,0
三农,YrKafmwdTVX7MX6xrZM0nziTGx_qcZPF,564161,2024-05-11 00:00:00,0,-163,0,0
三农,YrKafmwdTVX7MX6xrZM0nziTGx_qcZPF,564081,2024-05-12 00:00:00,0,-156,0,0
三农,YrKafmwdTVX7MX6xrZM0nziTGx_qcZPF,564052,2024-05-13 00:00:00,0,-165,0,0
三农,YrKafmwdTVX7MX6xrZM0nziTGx_qcZPF,563988,2024-05-14 00:00:00,0,-193,0,0
三农,YrKafmwdTVX7MX6xrZM0nziTGx_qcZPF,563954,2024-05-15 00:00:00,0,-218,0,0
三农,YrKafmwdTVX7MX6xrZM0nziTGx_qcZPF,563903,2024-05-16 00:00:00,0,-239,0,0
三农,YrKafmwdTVX7MX6xrZM0nziTGx_qcZPF,563839,2024-05-17 00:00:00,0,-300,0,0
三农,YrKafmwdTVX7MX6xrZM0nziTGx_qcZPF,563811,2024-05-18 00:00:00,0,-328,0,0
三农,YrKafmwdTVX7MX6xrZM0nziTGx_qcZPF,563744,2024-05-19 00:00:00,0,-350,0,0
三农,YrKafmwdTVX7MX6xrZM0nziTGx_qcZPF,563678,2024-05-20 00:00:00,0,-390,0,0
三农,YrKafmwdTVX7MX6xrZM0nziTGx_qcZPF,563616,2024-05-21 00:00:00,0,-454,0,0
三农,YrKafmwdTVX7MX6xrZM0nziTGx_qcZPF,563548,2024-05-22 00:00:00,0,-559,0,0
三农,YrKafmwdTVX7MX6xrZM0nziTGx_qcZPF,563480,2024-05-23 00:00:00,0,-638,0,0
三农,YrKafmwdTVX7MX6xrZM0nziTGx_qcZPF,563388,2024-05-24 00:00:00,0,-706,0,0
三农,YrKafmwdTVX7MX6xrZM0nziTGx_qcZPF,563341,2024-05-25 00:00:00,0,-723,0,0
三农,YrKafmwdTVX7MX6xrZM0nziTGx_qcZPF,563254,2024-05-26 00:00:00,0,-763,0,0
三农,YrKafmwdTVX7MX6xrZM0nziTGx_qcZPF,563177,2024-05-27 00:00:00,0,-826,0,0
三农,YrKafmwdTVX7MX6xrZM0nziTGx_qcZPF,563085,2024-05-28 00:00:00,0,-598,0,0
三农,YrKafmwdTVX7MX6xrZM0nziTGx_qcZPF,563004,2024-05-29 00:00:00,0,-574,0,0
三农,YrKafmwdTVX7MX6xrZM0nziTGx_qcZPF,562929,2024-05-30 00:00:00,0,-550,0,0
三农,YrKafmwdTVX7MX6xrZM0nziTGx_qcZPF,562874,2024-05-31 00:00:00,0,-576,0,0
三农,YrKafmwdTVX7MX6xrZM0nziTGx_qcZPF,562791,2024-06-01 00:00:00,0,-14,0,0
三农,YrKafmwdTVX7MX6xrZM0nziTGx_qcZPF,562729,2024-06-02 00:00:00,0,3,0,0
三农,YrKafmwdTVX7MX6xrZM0nziTGx_qcZPF,562651,2024-06-03 00:00:00,0,22,0,0
三农,YrKafmwdTVX7MX6xrZM0nziTGx_qcZPF,562588,2024-06-04 00:00:00,0,-14,0,0
三农,YrKafmwdTVX7MX6xrZM0nziTGx_qcZPF,562532,2024-06-05 00:00:00,0,-52,0,0
三农,YrKafmwdTVX7MX6xrZM0nziTGx_qcZPF,562451,2024-06-06 00:00:00,0,-103,0,0
三农,YrKafmwdTVX7MX6xrZM0nziTGx_qcZPF,562378,2024-06-07 00:00:00,0,-147,0,0
三农,YrKafmwdTVX7MX6xrZM0nziTGx_qcZPF,562279,2024-06-08 00:00:00,0,-153,0,0
三农,YrKafmwdTVX7MX6xrZM0nziTGx_qcZPF,562156,2024-06-09 00:00:00,0,-201,0,0
三农,YrKafmwdTVX7MX6xrZM0nziTGx_qcZPF,562081,2024-06-10 00:00:00,0,-220,0,0
三农,YrKafmwdTVX7MX6xrZM0nziTGx_qcZPF,561991,2024-06-11 00:00:00,0,-274,0,0
三农,YrKafmwdTVX7MX6xrZM0nziTGx_qcZPF,561913,2024-06-12 00:00:00,0,-305,0,0
三农,YrKafmwdTVX7MX6xrZM0nziTGx_qcZPF,561827,2024-06-13 00:00:00,0,-332,0,0
三农,YrKafmwdTVX7MX6xrZM0nziTGx_qcZPF,561757,2024-06-14 00:00:00,0,-371,0,0
三农,YrKafmwdTVX7MX6xrZM0nziTGx_qcZPF,561665,2024-06-15 00:00:00,0,-357,0,0
三农,YrKafmwdTVX7MX6xrZM0nziTGx_qcZPF,561557,2024-06-16 00:00:00,0,-320,0,0
三农,YrKafmwdTVX7MX6xrZM0nziTGx_qcZPF,561462,2024-06-17 00:00:00,0,-343,0,0
三农,YrKafmwdTVX7MX6xrZM0nziTGx_qcZPF,561418,2024-06-18 00:00:00,0,-334,0,0
三农,YrKafmwdTVX7MX6xrZM0nziTGx_qcZPF,561365,2024-06-19 00:00:00,0,-370,0,0
三农,YrKafmwdTVX7MX6xrZM0nziTGx_qcZPF,561262,2024-06-20 00:00:00,0,-415,0,0
三农,YrKafmwdTVX7MX6xrZM0nziTGx_qcZPF,561205,2024-06-21 00:00:00,0,-432,0,0
三农,YrKafmwdTVX7MX6xrZM0nziTGx_qcZPF,561092,2024-06-22 00:00:00,0,-440,0,0
三农,YrKafmwdTVX7MX6xrZM0nziTGx_qcZPF,561036,2024-06-23 00:00:00,0,-441,0,0
三农,YrKafmwdTVX7MX6xrZM0nziTGx_qcZPF,560919,2024-06-24 00:00:00,0,-489,0,0
三农,YrKafmwdTVX7MX6xrZM0nziTGx_qcZPF,560848,2024-06-25 00:00:00,0,-517,0,0
三农,YrKafmwdTVX7MX6xrZM0nziTGx_qcZPF,560798,2024-06-26 00:00:00,0,-537,0,0
三农,YrKafmwdTVX7MX6xrZM0nziTGx_qcZPF,560741,2024-06-27 00:00:00,0,-572,0,0
三农,YrKafmwdTVX7MX6xrZM0nziTGx_qcZPF,560627,2024-06-28 00:00:00,0,-609,0,0
三农,YrKafmwdTVX7MX6xrZM0nziTGx_qcZPF,560558,2024-06-29 00:00:00,0,-630,0,0
三农,YrKafmwdTVX7MX6xrZM0nziTGx_qcZPF,560417,2024-06-30 00:00:00,0,-674,0,0
三农,AROA4-RtdayoATct_Eb99aunWcvOYHSL,894722,2023-06-01 00:00:00,0,21,0,0
三农,AROA4-RtdayoATct_Eb99aunWcvOYHSL,894710,2023-06-02 00:00:00,0,187,0,0
三农,AROA4-RtdayoATct_Eb99aunWcvOYHSL,894699,2023-06-03 00:00:00,0,219,0,0
三农,AROA4-RtdayoATct_Eb99aunWcvOYHSL,894676,2023-06-04 00:00:00,0,381,0,0
三农,AROA4-RtdayoATct_Eb99aunWcvOYHSL,894664,2023-06-05 00:00:00,0,405,0,0
三农,AROA4-RtdayoATct_Eb99aunWcvOYHSL,894656,2023-06-06 00:00:00,0,473,0,0
三农,AROA4-RtdayoATct_Eb99aunWcvOYHSL,894638,2023-06-07 00:00:00,0,606,0,0
三农,AROA4-RtdayoATct_Eb99aunWcvOYHSL,894630,2023-06-08 00:00:00,0,652,0,0
三农,AROA4-RtdayoATct_Eb99aunWcvOYHSL,894604,2023-06-09 00:00:00,0,585,0,0
三农,AROA4-RtdayoATct_Eb99aunWcvOYHSL,894594,2023-06-10 00:00:00,0,672,0,0
三农,AROA4-RtdayoATct_Eb99aunWcvOYHSL,894590,2023-06-11 00:00:00,0,713,0,0
三农,AROA4-RtdayoATct_Eb99aunWcvOYHSL,894573,2023-06-12 00:00:00,0,782,0,0
三农,AROA4-RtdayoATct_Eb99aunWcvOYHSL,894560,2023-06-13 00:00:00,0,843,0,0
三农,AROA4-RtdayoATct_Eb99aunWcvOYHSL,894559,2023-06-14 00:00:00,0,936,0,0
三农,AROA4-RtdayoATct_Eb99aunWcvOYHSL,894542,2023-06-15 00:00:00,0,1039,0,0
三农,AROA4-RtdayoATct_Eb99aunWcvOYHSL,894536,2023-06-16 00:00:00,0,1158,0,0
三农,AROA4-RtdayoATct_Eb99aunWcvOYHSL,894510,2023-06-17 00:00:00,0,1220,0,0
三农,AROA4-RtdayoATct_Eb99aunWcvOYHSL,894498,2023-06-18 00:00:00,0,1236,0,0
三农,AROA4-RtdayoATct_Eb99aunWcvOYHSL,894491,2023-06-19 00:00:00,0,1243,0,0
三农,AROA4-RtdayoATct_Eb99aunWcvOYHSL,894463,2023-06-20 00:00:00,0,1308,0,0
三农,AROA4-RtdayoATct_Eb99aunWcvOYHSL,894453,2023-06-21 00:00:00,0,1312,0,0
三农,AROA4-RtdayoATct_Eb99aunWcvOYHSL,894433,2023-06-22 00:00:00,0,1378,0,0
三农,AROA4-RtdayoATct_Eb99aunWcvOYHSL,894424,2023-06-23 00:00:00,0,1400,0,0
三农,AROA4-RtdayoATct_Eb99aunWcvOYHSL,894411,2023-06-24 00:00:00,0,1407,0,0
三农,AROA4-RtdayoATct_Eb99aunWcvOYHSL,894395,2023-06-25 00:00:00,0,1416,0,0
三农,AROA4-RtdayoATct_Eb99aunWcvOYHSL,894384,2023-06-26 00:00:00,0,1469,0,0
三农,AROA4-RtdayoATct_Eb99aunWcvOYHSL,894359,2023-06-27 00:00:00,0,1526,0,0
三农,AROA4-RtdayoATct_Eb99aunWcvOYHSL,894347,2023-06-28 00:00:00,0,1476,0,0
三农,AROA4-RtdayoATct_Eb99aunWcvOYHSL,894336,2023-06-29 00:00:00,0,1521,0,0
三农,AROA4-RtdayoATct_Eb99aunWcvOYHSL,894306,2023-06-30 00:00:00,0,1544,0,0
三农,AROA4-RtdayoATct_Eb99aunWcvOYHSL,894293,2023-07-01 00:00:00,0,11,0,0
三农,AROA4-RtdayoATct_Eb99aunWcvOYHSL,894279,2023-07-02 00:00:00,0,11,0,0
三农,AROA4-RtdayoATct_Eb99aunWcvOYHSL,894266,2023-07-03 00:00:00,0,17,0,0
三农,AROA4-RtdayoATct_Eb99aunWcvOYHSL,894242,2023-07-04 00:00:00,0,25,0,0
三农,AROA4-RtdayoATct_Eb99aunWcvOYHSL,894233,2023-07-05 00:00:00,0,16,0,0
三农,AROA4-RtdayoATct_Eb99aunWcvOYHSL,894223,2023-07-06 00:00:00,0,19,0,0
三农,AROA4-RtdayoATct_Eb99aunWcvOYHSL,894205,2023-07-07 00:00:00,0,102,0,0
三农,AROA4-RtdayoATct_Eb99aunWcvOYHSL,894201,2023-07-08 00:00:00,0,147,0,0
三农,AROA4-RtdayoATct_Eb99aunWcvOYHSL,894172,2023-07-09 00:00:00,0,259,0,0
三农,AROA4-RtdayoATct_Eb99aunWcvOYHSL,894163,2023-07-10 00:00:00,0,278,0,0
三农,AROA4-RtdayoATct_Eb99aunWcvOYHSL,894155,2023-07-11 00:00:00,0,294,0,0
三农,AROA4-RtdayoATct_Eb99aunWcvOYHSL,894134,2023-07-12 00:00:00,0,248,0,0
三农,AROA4-RtdayoATct_Eb99aunWcvOYHSL,894112,2023-07-13 00:00:00,0,276,0,0
三农,AROA4-RtdayoATct_Eb99aunWcvOYHSL,894086,2023-07-14 00:00:00,0,371,0,0
三农,AROA4-RtdayoATct_Eb99aunWcvOYHSL,894076,2023-07-15 00:00:00,0,377,0,0
三农,AROA4-RtdayoATct_Eb99aunWcvOYHSL,894063,2023-07-16 00:00:00,0,389,0,0
三农,AROA4-RtdayoATct_Eb99aunWcvOYHSL,894046,2023-07-17 00:00:00,0,393,0,0
三农,AROA4-RtdayoATct_Eb99aunWcvOYHSL,894037,2023-07-18 00:00:00,0,430,0,0
三农,AROA4-RtdayoATct_Eb99aunWcvOYHSL,894014,2023-07-19 00:00:00,0,447,0,0
三农,AROA4-RtdayoATct_Eb99aunWcvOYHSL,894009,2023-07-20 00:00:00,0,497,0,0
三农,AROA4-RtdayoATct_Eb99aunWcvOYHSL,893997,2023-07-21 00:00:00,0,546,0,0
三农,AROA4-RtdayoATct_Eb99aunWcvOYHSL,893963,2023-07-22 00:00:00,0,600,0,0
三农,AROA4-RtdayoATct_Eb99aunWcvOYHSL,893952,2023-07-23 00:00:00,0,640,0,0
三农,AROA4-RtdayoATct_Eb99aunWcvOYHSL,893940,2023-07-24 00:00:00,0,715,0,0
三农,AROA4-RtdayoATct_Eb99aunWcvOYHSL,893913,2023-07-25 00:00:00,0,952,0,0
三农,AROA4-RtdayoATct_Eb99aunWcvOYHSL,893898,2023-07-26 00:00:00,0,1015,0,0
三农,AROA4-RtdayoATct_Eb99aunWcvOYHSL,893893,2023-07-27 00:00:00,0,1081,0,0
三农,AROA4-RtdayoATct_Eb99aunWcvOYHSL,893863,2023-07-28 00:00:00,0,1186,0,0
三农,AROA4-RtdayoATct_Eb99aunWcvOYHSL,893853,2023-07-29 00:00:00,0,1220,0,0
三农,AROA4-RtdayoATct_Eb99aunWcvOYHSL,893841,2023-07-30 00:00:00,0,1247,0,0
三农,AROA4-RtdayoATct_Eb99aunWcvOYHSL,893817,2023-07-31 00:00:00,0,1343,0,0
三农,AROA4-RtdayoATct_Eb99aunWcvOYHSL,893813,2023-08-01 00:00:00,0,27,0,0
三农,AROA4-RtdayoATct_Eb99aunWcvOYHSL,893800,2023-08-02 00:00:00,0,45,0,0
三农,AROA4-RtdayoATct_Eb99aunWcvOYHSL,893776,2023-08-03 00:00:00,0,93,0,0
三农,AROA4-RtdayoATct_Eb99aunWcvOYHSL,893766,2023-08-04 00:00:00,0,151,0,0
三农,AROA4-RtdayoATct_Eb99aunWcvOYHSL,893751,2023-08-05 00:00:00,0,184,0,0
三农,AROA4-RtdayoATct_Eb99aunWcvOYHSL,893730,2023-08-06 00:00:00,0,229,0,0
三农,AROA4-RtdayoATct_Eb99aunWcvOYHSL,893720,2023-08-07 00:00:00,0,230,0,0
三农,AROA4-RtdayoATct_Eb99aunWcvOYHSL,893704,2023-08-08 00:00:00,0,229,0,0
三农,AROA4-RtdayoATct_Eb99aunWcvOYHSL,893686,2023-08-09 00:00:00,0,228,0,0
三农,AROA4-RtdayoATct_Eb99aunWcvOYHSL,893676,2023-08-10 00:00:00,0,225,0,0
三农,AROA4-RtdayoATct_Eb99aunWcvOYHSL,893662,2023-08-11 00:00:00,0,236,0,0
三农,AROA4-RtdayoATct_Eb99aunWcvOYHSL,893625,2023-08-12 00:00:00,0,348,0,0
三农,AROA4-RtdayoATct_Eb99aunWcvOYHSL,893618,2023-08-13 00:00:00,0,358,0,0
三农,AROA4-RtdayoATct_Eb99aunWcvOYHSL,893602,2023-08-14 00:00:00,0,403,0,0
三农,AROA4-RtdayoATct_Eb99aunWcvOYHSL,893588,2023-08-15 00:00:00,0,417,0,0
三农,AROA4-RtdayoATct_Eb99aunWcvOYHSL,893571,2023-08-16 00:00:00,0,423,0,0
三农,AROA4-RtdayoATct_Eb99aunWcvOYHSL,893564,2023-08-17 00:00:00,0,424,0,0
三农,AROA4-RtdayoATct_Eb99aunWcvOYHSL,893549,2023-08-18 00:00:00,0,461,0,0
三农,AROA4-RtdayoATct_Eb99aunWcvOYHSL,893532,2023-08-19 00:00:00,0,470,0,0
三农,AROA4-RtdayoATct_Eb99aunWcvOYHSL,893532,2023-08-20 00:00:00,0,470,0,0
三农,AROA4-RtdayoATct_Eb99aunWcvOYHSL,893532,2023-08-21 00:00:00,0,470,0,0
三农,AROA4-RtdayoATct_Eb99aunWcvOYHSL,893532,2023-08-22 00:00:00,0,470,0,0
三农,AROA4-RtdayoATct_Eb99aunWcvOYHSL,893532,2023-08-23 00:00:00,0,470,0,0
三农,AROA4-RtdayoATct_Eb99aunWcvOYHSL,893532,2023-08-24 00:00:00,0,470,0,0
三农,AROA4-RtdayoATct_Eb99aunWcvOYHSL,893430,2023-08-25 00:00:00,0,588,0,0
三农,AROA4-RtdayoATct_Eb99aunWcvOYHSL,893416,2023-08-26 00:00:00,0,609,0,0
三农,AROA4-RtdayoATct_Eb99aunWcvOYHSL,893402,2023-08-27 00:00:00,0,605,0,0
三农,AROA4-RtdayoATct_Eb99aunWcvOYHSL,893377,2023-08-28 00:00:00,0,625,0,0
三农,AROA4-RtdayoATct_Eb99aunWcvOYHSL,893361,2023-08-29 00:00:00,0,643,0,0
三农,AROA4-RtdayoATct_Eb99aunWcvOYHSL,893340,2023-08-30 00:00:00,0,695,0,0
三农,AROA4-RtdayoATct_Eb99aunWcvOYHSL,893338,2023-08-31 00:00:00,0,705,0,0
三农,AROA4-RtdayoATct_Eb99aunWcvOYHSL,893325,2023-09-01 00:00:00,0,21,0,0
三农,AROA4-RtdayoATct_Eb99aunWcvOYHSL,893314,2023-09-02 00:00:00,0,40,0,0
三农,AROA4-RtdayoATct_Eb99aunWcvOYHSL,893307,2023-09-03 00:00:00,0,62,0,0
三农,AROA4-RtdayoATct_Eb99aunWcvOYHSL,893298,2023-09-04 00:00:00,0,185,0,0
三农,AROA4-RtdayoATct_Eb99aunWcvOYHSL,893272,2023-09-05 00:00:00,0,256,0,0
三农,AROA4-RtdayoATct_Eb99aunWcvOYHSL,893266,2023-09-06 00:00:00,0,271,0,0
三农,AROA4-RtdayoATct_Eb99aunWcvOYHSL,893250,2023-09-07 00:00:00,0,285,0,0
三农,AROA4-RtdayoATct_Eb99aunWcvOYHSL,893231,2023-09-08 00:00:00,0,292,0,0
三农,AROA4-RtdayoATct_Eb99aunWcvOYHSL,893194,2023-09-09 00:00:00,0,364,0,0
三农,AROA4-RtdayoATct_Eb99aunWcvOYHSL,893176,2023-09-10 00:00:00,0,376,0,0
三农,AROA4-RtdayoATct_Eb99aunWcvOYHSL,893163,2023-09-11 00:00:00,0,381,0,0
三农,AROA4-RtdayoATct_Eb99aunWcvOYHSL,893154,2023-09-12 00:00:00,0,379,0,0
三农,AROA4-RtdayoATct_Eb99aunWcvOYHSL,893135,2023-09-13 00:00:00,0,386,0,0
三农,AROA4-RtdayoATct_Eb99aunWcvOYHSL,893127,2023-09-14 00:00:00,0,380,0,0
三农,AROA4-RtdayoATct_Eb99aunWcvOYHSL,893114,2023-09-15 00:00:00,0,374,0,0
三农,AROA4-RtdayoATct_Eb99aunWcvOYHSL,893104,2023-09-16 00:00:00,0,373,0,0
三农,AROA4-RtdayoATct_Eb99aunWcvOYHSL,893083,2023-09-17 00:00:00,0,354,0,0
三农,AROA4-RtdayoATct_Eb99aunWcvOYHSL,893083,2023-09-18 00:00:00,0,354,0,0
三农,AROA4-RtdayoATct_Eb99aunWcvOYHSL,893083,2023-09-19 00:00:00,0,354,0,0
三农,AROA4-RtdayoATct_Eb99aunWcvOYHSL,893083,2023-09-20 00:00:00,0,354,0,0
三农,AROA4-RtdayoATct_Eb99aunWcvOYHSL,893043,2023-09-21 00:00:00,0,336,0,0
三农,AROA4-RtdayoATct_Eb99aunWcvOYHSL,893043,2023-09-22 00:00:00,0,336,0,0
三农,AROA4-RtdayoATct_Eb99aunWcvOYHSL,893043,2023-09-23 00:00:00,0,336,0,0
三农,AROA4-RtdayoATct_Eb99aunWcvOYHSL,893002,2023-09-24 00:00:00,0,311,0,0
三农,AROA4-RtdayoATct_Eb99aunWcvOYHSL,893002,2023-09-25 00:00:00,0,311,0,0
三农,AROA4-RtdayoATct_Eb99aunWcvOYHSL,893002,2023-09-26 00:00:00,0,311,0,0
三农,AROA4-RtdayoATct_Eb99aunWcvOYHSL,893002,2023-09-27 00:00:00,0,311,0,0
三农,AROA4-RtdayoATct_Eb99aunWcvOYHSL,893002,2023-09-28 00:00:00,0,311,0,0
三农,AROA4-RtdayoATct_Eb99aunWcvOYHSL,892930,2023-09-29 00:00:00,0,306,0,0
三农,AROA4-RtdayoATct_Eb99aunWcvOYHSL,892909,2023-09-30 00:00:00,0,301,0,0
三农,AROA4-RtdayoATct_Eb99aunWcvOYHSL,892898,2023-10-01 00:00:00,0,-10,0,0
三农,AROA4-RtdayoATct_Eb99aunWcvOYHSL,892886,2023-10-02 00:00:00,0,-13,0,0
三农,AROA4-RtdayoATct_Eb99aunWcvOYHSL,892862,2023-10-03 00:00:00,0,36,0,0
三农,AROA4-RtdayoATct_Eb99aunWcvOYHSL,892862,2023-10-04 00:00:00,0,36,0,0
三农,AROA4-RtdayoATct_Eb99aunWcvOYHSL,892831,2023-10-05 00:00:00,0,81,0,0
三农,AROA4-RtdayoATct_Eb99aunWcvOYHSL,892809,2023-10-06 00:00:00,0,95,0,0
三农,AROA4-RtdayoATct_Eb99aunWcvOYHSL,892790,2023-10-07 00:00:00,0,97,0,0
三农,AROA4-RtdayoATct_Eb99aunWcvOYHSL,892774,2023-10-08 00:00:00,0,96,0,0
三农,AROA4-RtdayoATct_Eb99aunWcvOYHSL,892763,2023-10-09 00:00:00,0,126,0,0
三农,AROA4-RtdayoATct_Eb99aunWcvOYHSL,892763,2023-10-10 00:00:00,0,126,0,0
三农,AROA4-RtdayoATct_Eb99aunWcvOYHSL,892732,2023-10-11 00:00:00,0,152,0,0
三农,AROA4-RtdayoATct_Eb99aunWcvOYHSL,892707,2023-10-12 00:00:00,0,170,0,0
三农,AROA4-RtdayoATct_Eb99aunWcvOYHSL,892707,2023-10-13 00:00:00,0,170,0,0
三农,AROA4-RtdayoATct_Eb99aunWcvOYHSL,892687,2023-10-14 00:00:00,0,213,0,0
三农,AROA4-RtdayoATct_Eb99aunWcvOYHSL,892660,2023-10-15 00:00:00,0,219,0,0
三农,AROA4-RtdayoATct_Eb99aunWcvOYHSL,892660,2023-10-16 00:00:00,0,219,0,0
三农,AROA4-RtdayoATct_Eb99aunWcvOYHSL,892633,2023-10-17 00:00:00,0,257,0,0
三农,AROA4-RtdayoATct_Eb99aunWcvOYHSL,892620,2023-10-18 00:00:00,0,258,0,0
三农,AROA4-RtdayoATct_Eb99aunWcvOYHSL,892599,2023-10-19 00:00:00,0,282,0,0
三农,AROA4-RtdayoATct_Eb99aunWcvOYHSL,892595,2023-10-20 00:00:00,0,309,0,0
三农,AROA4-RtdayoATct_Eb99aunWcvOYHSL,892584,2023-10-21 00:00:00,0,325,0,0
三农,AROA4-RtdayoATct_Eb99aunWcvOYHSL,892574,2023-10-22 00:00:00,0,336,0,0
三农,AROA4-RtdayoATct_Eb99aunWcvOYHSL,892560,2023-10-23 00:00:00,0,335,0,0
三农,AROA4-RtdayoATct_Eb99aunWcvOYHSL,892542,2023-10-24 00:00:00,0,349,0,0
三农,AROA4-RtdayoATct_Eb99aunWcvOYHSL,892535,2023-10-25 00:00:00,0,376,0,0
三农,AROA4-RtdayoATct_Eb99aunWcvOYHSL,892524,2023-10-26 00:00:00,0,384,0,0
三农,AROA4-RtdayoATct_Eb99aunWcvOYHSL,892507,2023-10-27 00:00:00,0,404,0,0
三农,AROA4-RtdayoATct_Eb99aunWcvOYHSL,892482,2023-10-28 00:00:00,0,468,0,0
三农,AROA4-RtdayoATct_Eb99aunWcvOYHSL,892474,2023-10-29 00:00:00,0,477,0,0
三农,AROA4-RtdayoATct_Eb99aunWcvOYHSL,892468,2023-10-30 00:00:00,0,479,0,0
三农,AROA4-RtdayoATct_Eb99aunWcvOYHSL,892451,2023-10-31 00:00:00,0,504,0,0
三农,AROA4-RtdayoATct_Eb99aunWcvOYHSL,892435,2023-11-01 00:00:00,0,3,0,0
三农,AROA4-RtdayoATct_Eb99aunWcvOYHSL,892426,2023-11-02 00:00:00,0,113,0,0
三农,AROA4-RtdayoATct_Eb99aunWcvOYHSL,892419,2023-11-03 00:00:00,0,157,0,0
三农,AROA4-RtdayoATct_Eb99aunWcvOYHSL,892405,2023-11-04 00:00:00,0,216,0,0
三农,AROA4-RtdayoATct_Eb99aunWcvOYHSL,892378,2023-11-05 00:00:00,0,232,0,0
三农,AROA4-RtdayoATct_Eb99aunWcvOYHSL,892358,2023-11-06 00:00:00,0,245,0,0
三农,AROA4-RtdayoATct_Eb99aunWcvOYHSL,892347,2023-11-07 00:00:00,0,264,0,0
三农,AROA4-RtdayoATct_Eb99aunWcvOYHSL,892329,2023-11-08 00:00:00,0,273,0,0
三农,AROA4-RtdayoATct_Eb99aunWcvOYHSL,892317,2023-11-09 00:00:00,0,274,0,0
三农,AROA4-RtdayoATct_Eb99aunWcvOYHSL,892309,2023-11-10 00:00:00,0,291,0,0
三农,AROA4-RtdayoATct_Eb99aunWcvOYHSL,892291,2023-11-11 00:00:00,0,321,0,0
三农,AROA4-RtdayoATct_Eb99aunWcvOYHSL,892282,2023-11-12 00:00:00,0,324,0,0
三农,AROA4-RtdayoATct_Eb99aunWcvOYHSL,892269,2023-11-13 00:00:00,0,337,0,0
三农,AROA4-RtdayoATct_Eb99aunWcvOYHSL,892256,2023-11-14 00:00:00,0,337,0,0
三农,AROA4-RtdayoATct_Eb99aunWcvOYHSL,892246,2023-11-15 00:00:00,0,336,0,0
三农,AROA4-RtdayoATct_Eb99aunWcvOYHSL,892233,2023-11-16 00:00:00,0,332,0,0
三农,AROA4-RtdayoATct_Eb99aunWcvOYHSL,892227,2023-11-17 00:00:00,0,335,0,0
三农,AROA4-RtdayoATct_Eb99aunWcvOYHSL,892212,2023-11-18 00:00:00,0,399,0,0
三农,AROA4-RtdayoATct_Eb99aunWcvOYHSL,892202,2023-11-19 00:00:00,0,402,0,0
三农,AROA4-RtdayoATct_Eb99aunWcvOYHSL,892184,2023-11-20 00:00:00,0,460,0,0
三农,AROA4-RtdayoATct_Eb99aunWcvOYHSL,892178,2023-11-21 00:00:00,0,463,0,0
三农,AROA4-RtdayoATct_Eb99aunWcvOYHSL,892164,2023-11-22 00:00:00,0,501,0,0
三农,AROA4-RtdayoATct_Eb99aunWcvOYHSL,892153,2023-11-23 00:00:00,0,507,0,0
三农,AROA4-RtdayoATct_Eb99aunWcvOYHSL,892136,2023-11-24 00:00:00,0,526,0,0
三农,AROA4-RtdayoATct_Eb99aunWcvOYHSL,892130,2023-11-25 00:00:00,0,566,0,0
三农,AROA4-RtdayoATct_Eb99aunWcvOYHSL,892115,2023-11-26 00:00:00,0,599,0,0
三农,AROA4-RtdayoATct_Eb99aunWcvOYHSL,892106,2023-11-27 00:00:00,0,664,0,0
三农,AROA4-RtdayoATct_Eb99aunWcvOYHSL,892098,2023-11-28 00:00:00,0,696,0,0
三农,AROA4-RtdayoATct_Eb99aunWcvOYHSL,892082,2023-11-29 00:00:00,0,743,0,0
三农,AROA4-RtdayoATct_Eb99aunWcvOYHSL,892065,2023-11-30 00:00:00,0,787,0,0
三农,AROA4-RtdayoATct_Eb99aunWcvOYHSL,892057,2023-12-01 00:00:00,0,15,0,0
三农,AROA4-RtdayoATct_Eb99aunWcvOYHSL,892047,2023-12-02 00:00:00,0,27,0,0
三农,AROA4-RtdayoATct_Eb99aunWcvOYHSL,892034,2023-12-03 00:00:00,0,38,0,0
三农,AROA4-RtdayoATct_Eb99aunWcvOYHSL,892015,2023-12-04 00:00:00,0,31,0,0
三农,AROA4-RtdayoATct_Eb99aunWcvOYHSL,891995,2023-12-05 00:00:00,0,17,0,0
三农,AROA4-RtdayoATct_Eb99aunWcvOYHSL,891982,2023-12-06 00:00:00,0,11,0,0
三农,AROA4-RtdayoATct_Eb99aunWcvOYHSL,891972,2023-12-07 00:00:00,0,3,0,0
三农,AROA4-RtdayoATct_Eb99aunWcvOYHSL,891953,2023-12-08 00:00:00,0,-17,0,0
三农,AROA4-RtdayoATct_Eb99aunWcvOYHSL,891938,2023-12-09 00:00:00,0,-1268,0,0
三农,AROA4-RtdayoATct_Eb99aunWcvOYHSL,891920,2023-12-10 00:00:00,0,-1234,0,0
三农,AROA4-RtdayoATct_Eb99aunWcvOYHSL,891906,2023-12-11 00:00:00,0,-1209,0,0
三农,AROA4-RtdayoATct_Eb99aunWcvOYHSL,891877,2023-12-12 00:00:00,0,-1168,0,0
三农,AROA4-RtdayoATct_Eb99aunWcvOYHSL,891857,2023-12-13 00:00:00,0,-1172,0,0
三农,AROA4-RtdayoATct_Eb99aunWcvOYHSL,891850,2023-12-14 00:00:00,0,-1110,0,0
三农,AROA4-RtdayoATct_Eb99aunWcvOYHSL,891834,2023-12-15 00:00:00,0,-1087,0,0
三农,AROA4-RtdayoATct_Eb99aunWcvOYHSL,891817,2023-12-16 00:00:00,0,-919,0,0
三农,AROA4-RtdayoATct_Eb99aunWcvOYHSL,891809,2023-12-17 00:00:00,0,-870,0,0
三农,AROA4-RtdayoATct_Eb99aunWcvOYHSL,891791,2023-12-18 00:00:00,0,-849,0,0
三农,AROA4-RtdayoATct_Eb99aunWcvOYHSL,891777,2023-12-19 00:00:00,0,-831,0,0
三农,AROA4-RtdayoATct_Eb99aunWcvOYHSL,891762,2023-12-20 00:00:00,0,-787,0,0
三农,AROA4-RtdayoATct_Eb99aunWcvOYHSL,891752,2023-12-21 00:00:00,0,-767,0,0
三农,AROA4-RtdayoATct_Eb99aunWcvOYHSL,891739,2023-12-22 00:00:00,0,-760,0,0
三农,AROA4-RtdayoATct_Eb99aunWcvOYHSL,891718,2023-12-23 00:00:00,0,-728,0,0
三农,AROA4-RtdayoATct_Eb99aunWcvOYHSL,891700,2023-12-24 00:00:00,0,-721,0,0
三农,AROA4-RtdayoATct_Eb99aunWcvOYHSL,891695,2023-12-25 00:00:00,0,-695,0,0
三农,AROA4-RtdayoATct_Eb99aunWcvOYHSL,891677,2023-12-26 00:00:00,0,-694,0,0
三农,AROA4-RtdayoATct_Eb99aunWcvOYHSL,891654,2023-12-27 00:00:00,0,-694,0,0
三农,AROA4-RtdayoATct_Eb99aunWcvOYHSL,891648,2023-12-28 00:00:00,0,-649,0,0
三农,AROA4-RtdayoATct_Eb99aunWcvOYHSL,891637,2023-12-29 00:00:00,0,-593,0,0
三农,AROA4-RtdayoATct_Eb99aunWcvOYHSL,891606,2023-12-30 00:00:00,0,-598,0,0
三农,AROA4-RtdayoATct_Eb99aunWcvOYHSL,891596,2023-12-31 00:00:00,0,-596,0,0
三农,AROA4-RtdayoATct_Eb99aunWcvOYHSL,891585,2024-01-01 00:00:00,0,15,0,0
三农,AROA4-RtdayoATct_Eb99aunWcvOYHSL,891567,2024-01-02 00:00:00,0,21,0,0
三农,AROA4-RtdayoATct_Eb99aunWcvOYHSL,891556,2024-01-03 00:00:00,0,83,0,0
三农,AROA4-RtdayoATct_Eb99aunWcvOYHSL,891536,2024-01-04 00:00:00,0,131,0,0
三农,AROA4-RtdayoATct_Eb99aunWcvOYHSL,891526,2024-01-05 00:00:00,0,169,0,0
三农,AROA4-RtdayoATct_Eb99aunWcvOYHSL,891495,2024-01-06 00:00:00,0,184,0,0
三农,AROA4-RtdayoATct_Eb99aunWcvOYHSL,891488,2024-01-07 00:00:00,0,209,0,0
三农,AROA4-RtdayoATct_Eb99aunWcvOYHSL,891464,2024-01-08 00:00:00,0,235,0,0
三农,AROA4-RtdayoATct_Eb99aunWcvOYHSL,891449,2024-01-09 00:00:00,0,226,0,0
三农,AROA4-RtdayoATct_Eb99aunWcvOYHSL,891439,2024-01-10 00:00:00,0,218,0,0
三农,AROA4-RtdayoATct_Eb99aunWcvOYHSL,891411,2024-01-11 00:00:00,0,239,0,0
三农,AROA4-RtdayoATct_Eb99aunWcvOYHSL,891406,2024-01-12 00:00:00,0,238,0,0
三农,AROA4-RtdayoATct_Eb99aunWcvOYHSL,891391,2024-01-13 00:00:00,0,257,0,0
三农,AROA4-RtdayoATct_Eb99aunWcvOYHSL,891364,2024-01-14 00:00:00,0,233,0,0
三农,AROA4-RtdayoATct_Eb99aunWcvOYHSL,891351,2024-01-15 00:00:00,0,-2159,0,0
三农,AROA4-RtdayoATct_Eb99aunWcvOYHSL,891343,2024-01-16 00:00:00,0,-2151,0,0
三农,AROA4-RtdayoATct_Eb99aunWcvOYHSL,891331,2024-01-17 00:00:00,0,-2168,0,0
三农,AROA4-RtdayoATct_Eb99aunWcvOYHSL,891308,2024-01-18 00:00:00,0,-2203,0,0
三农,AROA4-RtdayoATct_Eb99aunWcvOYHSL,891300,2024-01-19 00:00:00,0,-2194,0,0
三农,AROA4-RtdayoATct_Eb99aunWcvOYHSL,891289,2024-01-20 00:00:00,0,-2231,0,0
三农,AROA4-RtdayoATct_Eb99aunWcvOYHSL,891273,2024-01-21 00:00:00,0,-2240,0,0
三农,AROA4-RtdayoATct_Eb99aunWcvOYHSL,891243,2024-01-22 00:00:00,0,-2231,0,0
三农,AROA4-RtdayoATct_Eb99aunWcvOYHSL,891233,2024-01-23 00:00:00,0,-2232,0,0
三农,AROA4-RtdayoATct_Eb99aunWcvOYHSL,891225,2024-01-24 00:00:00,0,-2222,0,0
三农,AROA4-RtdayoATct_Eb99aunWcvOYHSL,891204,2024-01-25 00:00:00,0,-2169,0,0
三农,AROA4-RtdayoATct_Eb99aunWcvOYHSL,891201,2024-01-26 00:00:00,0,-2137,0,0
三农,AROA4-RtdayoATct_Eb99aunWcvOYHSL,891191,2024-01-27 00:00:00,0,-2069,0,0
三农,AROA4-RtdayoATct_Eb99aunWcvOYHSL,891173,2024-01-28 00:00:00,0,-2056,0,0
三农,AROA4-RtdayoATct_Eb99aunWcvOYHSL,891166,2024-01-29 00:00:00,0,-2035,0,0
三农,AROA4-RtdayoATct_Eb99aunWcvOYHSL,891153,2024-01-30 00:00:00,0,-1939,0,0
三农,AROA4-RtdayoATct_Eb99aunWcvOYHSL,891149,2024-01-31 00:00:00,0,-1925,0,0
三农,AROA4-RtdayoATct_Eb99aunWcvOYHSL,891139,2024-02-01 00:00:00,0,13,0,0
三农,AROA4-RtdayoATct_Eb99aunWcvOYHSL,891117,2024-02-02 00:00:00,0,6,0,0
三农,AROA4-RtdayoATct_Eb99aunWcvOYHSL,891110,2024-02-03 00:00:00,0,-1,0,0
三农,AROA4-RtdayoATct_Eb99aunWcvOYHSL,891090,2024-02-04 00:00:00,0,42,0,0
三农,AROA4-RtdayoATct_Eb99aunWcvOYHSL,891083,2024-02-05 00:00:00,0,93,0,0
三农,AROA4-RtdayoATct_Eb99aunWcvOYHSL,891064,2024-02-06 00:00:00,0,140,0,0
三农,AROA4-RtdayoATct_Eb99aunWcvOYHSL,891054,2024-02-07 00:00:00,0,151,0,0
三农,AROA4-RtdayoATct_Eb99aunWcvOYHSL,891046,2024-02-08 00:00:00,0,154,0,0
三农,AROA4-RtdayoATct_Eb99aunWcvOYHSL,891029,2024-02-09 00:00:00,0,166,0,0
三农,AROA4-RtdayoATct_Eb99aunWcvOYHSL,891018,2024-02-10 00:00:00,0,126,0,0
三农,AROA4-RtdayoATct_Eb99aunWcvOYHSL,891002,2024-02-11 00:00:00,0,120,0,0
三农,AROA4-RtdayoATct_Eb99aunWcvOYHSL,890992,2024-02-12 00:00:00,0,112,0,0
三农,AROA4-RtdayoATct_Eb99aunWcvOYHSL,890969,2024-02-13 00:00:00,0,88,0,0
三农,AROA4-RtdayoATct_Eb99aunWcvOYHSL,890964,2024-02-14 00:00:00,0,81,0,0
三农,AROA4-RtdayoATct_Eb99aunWcvOYHSL,890949,2024-02-15 00:00:00,0,54,0,0
三农,AROA4-RtdayoATct_Eb99aunWcvOYHSL,890940,2024-02-16 00:00:00,0,58,0,0
三农,AROA4-RtdayoATct_Eb99aunWcvOYHSL,890926,2024-02-17 00:00:00,0,86,0,0
三农,AROA4-RtdayoATct_Eb99aunWcvOYHSL,890914,2024-02-18 00:00:00,0,80,0,0
三农,AROA4-RtdayoATct_Eb99aunWcvOYHSL,890893,2024-02-19 00:00:00,0,98,0,0
三农,AROA4-RtdayoATct_Eb99aunWcvOYHSL,890874,2024-02-20 00:00:00,0,223,0,0
三农,AROA4-RtdayoATct_Eb99aunWcvOYHSL,890866,2024-02-21 00:00:00,0,226,0,0
三农,AROA4-RtdayoATct_Eb99aunWcvOYHSL,890849,2024-02-22 00:00:00,0,220,0,0
三农,AROA4-RtdayoATct_Eb99aunWcvOYHSL,890834,2024-02-23 00:00:00,0,306,0,0
三农,AROA4-RtdayoATct_Eb99aunWcvOYHSL,890823,2024-02-24 00:00:00,0,374,0,0
三农,AROA4-RtdayoATct_Eb99aunWcvOYHSL,890798,2024-02-25 00:00:00,0,446,0,0
三农,AROA4-RtdayoATct_Eb99aunWcvOYHSL,890785,2024-02-26 00:00:00,0,460,0,0
三农,AROA4-RtdayoATct_Eb99aunWcvOYHSL,890771,2024-02-27 00:00:00,0,484,0,0
三农,AROA4-RtdayoATct_Eb99aunWcvOYHSL,890745,2024-02-28 00:00:00,0,481,0,0
三农,AROA4-RtdayoATct_Eb99aunWcvOYHSL,890740,2024-02-29 00:00:00,0,448,0,0
三农,AROA4-RtdayoATct_Eb99aunWcvOYHSL,890725,2024-03-01 00:00:00,0,60,0,0
三农,AROA4-RtdayoATct_Eb99aunWcvOYHSL,890709,2024-03-02 00:00:00,0,112,0,0
三农,AROA4-RtdayoATct_Eb99aunWcvOYHSL,890684,2024-03-03 00:00:00,0,113,0,0
三农,AROA4-RtdayoATct_Eb99aunWcvOYHSL,890676,2024-03-04 00:00:00,0,72,0,0
三农,AROA4-RtdayoATct_Eb99aunWcvOYHSL,890652,2024-03-05 00:00:00,0,49,0,0
三农,AROA4-RtdayoATct_Eb99aunWcvOYHSL,890647,2024-03-06 00:00:00,0,46,0,0
三农,AROA4-RtdayoATct_Eb99aunWcvOYHSL,890641,2024-03-07 00:00:00,0,76,0,0
三农,AROA4-RtdayoATct_Eb99aunWcvOYHSL,890619,2024-03-08 00:00:00,0,69,0,0
三农,AROA4-RtdayoATct_Eb99aunWcvOYHSL,890609,2024-03-09 00:00:00,0,64,0,0
三农,AROA4-RtdayoATct_Eb99aunWcvOYHSL,890586,2024-03-10 00:00:00,0,68,0,0
三农,AROA4-RtdayoATct_Eb99aunWcvOYHSL,890575,2024-03-11 00:00:00,0,92,0,0
三农,AROA4-RtdayoATct_Eb99aunWcvOYHSL,890572,2024-03-12 00:00:00,0,80,0,0
三农,AROA4-RtdayoATct_Eb99aunWcvOYHSL,890540,2024-03-13 00:00:00,0,46,0,0
三农,AROA4-RtdayoATct_Eb99aunWcvOYHSL,890535,2024-03-14 00:00:00,0,-131,0,0
三农,AROA4-RtdayoATct_Eb99aunWcvOYHSL,890523,2024-03-15 00:00:00,0,-137,0,0
三农,AROA4-RtdayoATct_Eb99aunWcvOYHSL,890505,2024-03-16 00:00:00,0,-148,0,0
三农,AROA4-RtdayoATct_Eb99aunWcvOYHSL,890496,2024-03-17 00:00:00,0,-158,0,0
三农,AROA4-RtdayoATct_Eb99aunWcvOYHSL,890483,2024-03-18 00:00:00,0,-170,0,0
三农,AROA4-RtdayoATct_Eb99aunWcvOYHSL,890476,2024-03-19 00:00:00,45,-159,53108,13
三农,AROA4-RtdayoATct_Eb99aunWcvOYHSL,890468,2024-03-20 00:00:00,45,-138,53108,15
三农,AROA4-RtdayoATct_Eb99aunWcvOYHSL,890456,2024-03-21 00:00:00,46,-140,53108,16
三农,AROA4-RtdayoATct_Eb99aunWcvOYHSL,890446,2024-03-22 00:00:00,47,-138,53108,17
三农,AROA4-RtdayoATct_Eb99aunWcvOYHSL,890434,2024-03-23 00:00:00,47,-122,53108,18
三农,AROA4-RtdayoATct_Eb99aunWcvOYHSL,890431,2024-03-24 00:00:00,47,-109,53108,18
三农,AROA4-RtdayoATct_Eb99aunWcvOYHSL,890421,2024-03-25 00:00:00,47,-109,53108,18
三农,AROA4-RtdayoATct_Eb99aunWcvOYHSL,890408,2024-03-26 00:00:00,47,-119,53108,18
三农,AROA4-RtdayoATct_Eb99aunWcvOYHSL,890399,2024-03-27 00:00:00,47,-111,53108,18
三农,AROA4-RtdayoATct_Eb99aunWcvOYHSL,890389,2024-03-28 00:00:00,47,-125,53108,18
三农,AROA4-RtdayoATct_Eb99aunWcvOYHSL,890385,2024-03-29 00:00:00,47,-137,53108,18
三农,AROA4-RtdayoATct_Eb99aunWcvOYHSL,890377,2024-03-30 00:00:00,47,-146,53108,18
三农,AROA4-RtdayoATct_Eb99aunWcvOYHSL,890361,2024-03-31 00:00:00,47,-158,53108,18
三农,AROA4-RtdayoATct_Eb99aunWcvOYHSL,890357,2024-04-01 00:00:00,0,-9,0,0
三农,AROA4-RtdayoATct_Eb99aunWcvOYHSL,890337,2024-04-02 00:00:00,0,24,0,2
三农,AROA4-RtdayoATct_Eb99aunWcvOYHSL,890332,2024-04-03 00:00:00,0,21,0,2
三农,AROA4-RtdayoATct_Eb99aunWcvOYHSL,890328,2024-04-04 00:00:00,0,12,0,2
三农,AROA4-RtdayoATct_Eb99aunWcvOYHSL,890310,2024-04-05 00:00:00,0,15,0,2
三农,AROA4-RtdayoATct_Eb99aunWcvOYHSL,890305,2024-04-06 00:00:00,0,15,0,2
三农,AROA4-RtdayoATct_Eb99aunWcvOYHSL,890295,2024-04-07 00:00:00,0,1,0,2
三农,AROA4-RtdayoATct_Eb99aunWcvOYHSL,890271,2024-04-08 00:00:00,0,-21,0,2
三农,AROA4-RtdayoATct_Eb99aunWcvOYHSL,890263,2024-04-09 00:00:00,0,-19,0,2
三农,AROA4-RtdayoATct_Eb99aunWcvOYHSL,890240,2024-04-10 00:00:00,0,-2,0,2
三农,AROA4-RtdayoATct_Eb99aunWcvOYHSL,890231,2024-04-11 00:00:00,0,4,0,2
三农,AROA4-RtdayoATct_Eb99aunWcvOYHSL,890225,2024-04-12 00:00:00,0,-9,0,2
三农,AROA4-RtdayoATct_Eb99aunWcvOYHSL,890199,2024-04-13 00:00:00,0,-20,0,2
三农,AROA4-RtdayoATct_Eb99aunWcvOYHSL,890192,2024-04-14 00:00:00,0,-15,0,2
三农,AROA4-RtdayoATct_Eb99aunWcvOYHSL,890185,2024-04-15 00:00:00,0,-6,0,2
三农,AROA4-RtdayoATct_Eb99aunWcvOYHSL,890158,2024-04-16 00:00:00,0,-21,0,2
三农,AROA4-RtdayoATct_Eb99aunWcvOYHSL,890147,2024-04-17 00:00:00,0,-28,0,2
三农,AROA4-RtdayoATct_Eb99aunWcvOYHSL,890132,2024-04-18 00:00:00,0,-53,0,2
三农,AROA4-RtdayoATct_Eb99aunWcvOYHSL,890121,2024-04-19 00:00:00,0,-59,0,2
三农,AROA4-RtdayoATct_Eb99aunWcvOYHSL,890100,2024-04-20 00:00:00,0,-91,0,2
三农,AROA4-RtdayoATct_Eb99aunWcvOYHSL,890096,2024-04-21 00:00:00,0,-103,0,2
三农,AROA4-RtdayoATct_Eb99aunWcvOYHSL,890095,2024-04-22 00:00:00,0,-113,0,2
三农,AROA4-RtdayoATct_Eb99aunWcvOYHSL,890088,2024-04-23 00:00:00,0,-102,0,2
三农,AROA4-RtdayoATct_Eb99aunWcvOYHSL,890076,2024-04-24 00:00:00,0,-103,0,2
三农,AROA4-RtdayoATct_Eb99aunWcvOYHSL,890069,2024-04-25 00:00:00,0,-100,0,2
三农,AROA4-RtdayoATct_Eb99aunWcvOYHSL,890060,2024-04-26 00:00:00,0,-127,0,2
三农,AROA4-RtdayoATct_Eb99aunWcvOYHSL,890050,2024-04-27 00:00:00,0,-132,0,2
三农,AROA4-RtdayoATct_Eb99aunWcvOYHSL,890036,2024-04-28 00:00:00,0,-153,0,2
三农,AROA4-RtdayoATct_Eb99aunWcvOYHSL,890022,2024-04-29 00:00:00,0,-169,0,2
三农,AROA4-RtdayoATct_Eb99aunWcvOYHSL,890018,2024-04-30 00:00:00,0,-169,0,2
三农,AROA4-RtdayoATct_Eb99aunWcvOYHSL,890008,2024-05-01 00:00:00,0,9,0,0
三农,AROA4-RtdayoATct_Eb99aunWcvOYHSL,890000,2024-05-02 00:00:00,0,9,0,0
三农,AROA4-RtdayoATct_Eb99aunWcvOYHSL,889995,2024-05-03 00:00:00,0,3,0,0
三农,AROA4-RtdayoATct_Eb99aunWcvOYHSL,889977,2024-05-04 00:00:00,0,-8,0,0
三农,AROA4-RtdayoATct_Eb99aunWcvOYHSL,889972,2024-05-05 00:00:00,0,-25,0,0
三农,AROA4-RtdayoATct_Eb99aunWcvOYHSL,889961,2024-05-06 00:00:00,0,-43,0,0
三农,AROA4-RtdayoATct_Eb99aunWcvOYHSL,889956,2024-05-07 00:00:00,0,-53,0,0
三农,AROA4-RtdayoATct_Eb99aunWcvOYHSL,889951,2024-05-08 00:00:00,0,-79,0,0
三农,AROA4-RtdayoATct_Eb99aunWcvOYHSL,889934,2024-05-09 00:00:00,0,-118,0,0
三农,AROA4-RtdayoATct_Eb99aunWcvOYHSL,889928,2024-05-10 00:00:00,0,-124,0,0
三农,AROA4-RtdayoATct_Eb99aunWcvOYHSL,889921,2024-05-11 00:00:00,0,-126,0,0
三农,AROA4-RtdayoATct_Eb99aunWcvOYHSL,889909,2024-05-12 00:00:00,0,-142,0,0
三农,AROA4-RtdayoATct_Eb99aunWcvOYHSL,889907,2024-05-13 00:00:00,0,-150,0,0
三农,AROA4-RtdayoATct_Eb99aunWcvOYHSL,889901,2024-05-14 00:00:00,0,-161,0,0
三农,AROA4-RtdayoATct_Eb99aunWcvOYHSL,889888,2024-05-15 00:00:00,0,-183,0,0
三农,AROA4-RtdayoATct_Eb99aunWcvOYHSL,889882,2024-05-16 00:00:00,0,-205,0,0
三农,AROA4-RtdayoATct_Eb99aunWcvOYHSL,889875,2024-05-17 00:00:00,0,-220,0,0
三农,AROA4-RtdayoATct_Eb99aunWcvOYHSL,889862,2024-05-18 00:00:00,0,-235,0,0
三农,AROA4-RtdayoATct_Eb99aunWcvOYHSL,889859,2024-05-19 00:00:00,0,-248,0,0
三农,AROA4-RtdayoATct_Eb99aunWcvOYHSL,889847,2024-05-20 00:00:00,0,-262,0,0
三农,AROA4-RtdayoATct_Eb99aunWcvOYHSL,889840,2024-05-21 00:00:00,0,-264,0,0
三农,AROA4-RtdayoATct_Eb99aunWcvOYHSL,889833,2024-05-22 00:00:00,0,-282,0,0
三农,AROA4-RtdayoATct_Eb99aunWcvOYHSL,889819,2024-05-23 00:00:00,0,-334,0,0
三农,AROA4-RtdayoATct_Eb99aunWcvOYHSL,889814,2024-05-24 00:00:00,0,-348,0,0
三农,AROA4-RtdayoATct_Eb99aunWcvOYHSL,889806,2024-05-25 00:00:00,0,-369,0,0
三农,AROA4-RtdayoATct_Eb99aunWcvOYHSL,889795,2024-05-26 00:00:00,0,-387,0,0
三农,AROA4-RtdayoATct_Eb99aunWcvOYHSL,889791,2024-05-27 00:00:00,0,-395,0,0
三农,AROA4-RtdayoATct_Eb99aunWcvOYHSL,889782,2024-05-28 00:00:00,0,-416,0,0
三农,AROA4-RtdayoATct_Eb99aunWcvOYHSL,889773,2024-05-29 00:00:00,0,-435,0,0
三农,AROA4-RtdayoATct_Eb99aunWcvOYHSL,889754,2024-05-30 00:00:00,0,-469,0,0
三农,AROA4-RtdayoATct_Eb99aunWcvOYHSL,889738,2024-05-31 00:00:00,0,-481,0,0
三农,AROA4-RtdayoATct_Eb99aunWcvOYHSL,889730,2024-06-01 00:00:00,0,-18,0,0
三农,AROA4-RtdayoATct_Eb99aunWcvOYHSL,889722,2024-06-02 00:00:00,0,-32,0,0
三农,AROA4-RtdayoATct_Eb99aunWcvOYHSL,889706,2024-06-03 00:00:00,0,-49,0,0
三农,AROA4-RtdayoATct_Eb99aunWcvOYHSL,889696,2024-06-04 00:00:00,0,-70,0,0
三农,AROA4-RtdayoATct_Eb99aunWcvOYHSL,889679,2024-06-05 00:00:00,0,-86,0,0
三农,AROA4-RtdayoATct_Eb99aunWcvOYHSL,889674,2024-06-06 00:00:00,0,-129,0,0
三农,AROA4-RtdayoATct_Eb99aunWcvOYHSL,889662,2024-06-07 00:00:00,0,-133,0,0
三农,AROA4-RtdayoATct_Eb99aunWcvOYHSL,889647,2024-06-08 00:00:00,0,-154,0,0
三农,AROA4-RtdayoATct_Eb99aunWcvOYHSL,889641,2024-06-09 00:00:00,0,-173,0,0
三农,AROA4-RtdayoATct_Eb99aunWcvOYHSL,889629,2024-06-10 00:00:00,0,-185,0,0
三农,AROA4-RtdayoATct_Eb99aunWcvOYHSL,889614,2024-06-11 00:00:00,0,-198,0,0
三农,AROA4-RtdayoATct_Eb99aunWcvOYHSL,889603,2024-06-12 00:00:00,0,-208,0,0
三农,AROA4-RtdayoATct_Eb99aunWcvOYHSL,889581,2024-06-13 00:00:00,0,-229,0,0
三农,AROA4-RtdayoATct_Eb99aunWcvOYHSL,889573,2024-06-14 00:00:00,0,-234,0,0
三农,AROA4-RtdayoATct_Eb99aunWcvOYHSL,889560,2024-06-15 00:00:00,0,-238,0,0
三农,AROA4-RtdayoATct_Eb99aunWcvOYHSL,889545,2024-06-16 00:00:00,0,-295,0,0
三农,AROA4-RtdayoATct_Eb99aunWcvOYHSL,889540,2024-06-17 00:00:00,0,-301,0,0
三农,AROA4-RtdayoATct_Eb99aunWcvOYHSL,889532,2024-06-18 00:00:00,0,-318,0,0
三农,AROA4-RtdayoATct_Eb99aunWcvOYHSL,889527,2024-06-19 00:00:00,0,-325,0,0
三农,AROA4-RtdayoATct_Eb99aunWcvOYHSL,889516,2024-06-20 00:00:00,0,-360,0,0
三农,AROA4-RtdayoATct_Eb99aunWcvOYHSL,889509,2024-06-21 00:00:00,0,-374,0,0
三农,AROA4-RtdayoATct_Eb99aunWcvOYHSL,889492,2024-06-22 00:00:00,0,-384,0,0
三农,AROA4-RtdayoATct_Eb99aunWcvOYHSL,889487,2024-06-23 00:00:00,0,-388,0,0
三农,AROA4-RtdayoATct_Eb99aunWcvOYHSL,889477,2024-06-24 00:00:00,0,-402,0,0
三农,AROA4-RtdayoATct_Eb99aunWcvOYHSL,889471,2024-06-25 00:00:00,0,-409,0,0
三农,AROA4-RtdayoATct_Eb99aunWcvOYHSL,889463,2024-06-26 00:00:00,0,-417,0,0
三农,AROA4-RtdayoATct_Eb99aunWcvOYHSL,889449,2024-06-27 00:00:00,0,-448,0,0
三农,AROA4-RtdayoATct_Eb99aunWcvOYHSL,889446,2024-06-28 00:00:00,0,-452,0,0
三农,AROA4-RtdayoATct_Eb99aunWcvOYHSL,889436,2024-06-29 00:00:00,0,-476,0,0
三农,AROA4-RtdayoATct_Eb99aunWcvOYHSL,889431,2024-06-30 00:00:00,0,-484,0,0
三农,6nr24MOzchSxt02WZH_sUpy-fX2OGOOp,221093,2023-06-01 00:00:00,80,8134,0,8
三农,6nr24MOzchSxt02WZH_sUpy-fX2OGOOp,222611,2023-06-02 00:00:00,3958,11521,1077360,670
三农,6nr24MOzchSxt02WZH_sUpy-fX2OGOOp,224907,2023-06-03 00:00:00,5123,20391,1391437,837
三农,6nr24MOzchSxt02WZH_sUpy-fX2OGOOp,225743,2023-06-04 00:00:00,5227,25310,1433562,866
三农,6nr24MOzchSxt02WZH_sUpy-fX2OGOOp,227155,2023-06-05 00:00:00,5400,31786,1475732,927
三农,6nr24MOzchSxt02WZH_sUpy-fX2OGOOp,227208,2023-06-06 00:00:00,8240,34235,2275997,1391
三农,6nr24MOzchSxt02WZH_sUpy-fX2OGOOp,230051,2023-06-07 00:00:00,8688,40156,2335610,1491
三农,6nr24MOzchSxt02WZH_sUpy-fX2OGOOp,231659,2023-06-08 00:00:00,8849,44017,2439417,1542
三农,6nr24MOzchSxt02WZH_sUpy-fX2OGOOp,231755,2023-06-09 00:00:00,9292,47069,2595055,1600
三农,6nr24MOzchSxt02WZH_sUpy-fX2OGOOp,234332,2023-06-10 00:00:00,9443,54352,2604860,1653
三农,6nr24MOzchSxt02WZH_sUpy-fX2OGOOp,238761,2023-06-11 00:00:00,11093,63007,3298231,2005
三农,6nr24MOzchSxt02WZH_sUpy-fX2OGOOp,243035,2023-06-12 00:00:00,11665,77500,3449056,2160
三农,6nr24MOzchSxt02WZH_sUpy-fX2OGOOp,246497,2023-06-13 00:00:00,11957,87485,3651035,2247
三农,6nr24MOzchSxt02WZH_sUpy-fX2OGOOp,249847,2023-06-14 00:00:00,12173,96337,3679122,2331
三农,6nr24MOzchSxt02WZH_sUpy-fX2OGOOp,252874,2023-06-15 00:00:00,12337,105534,3761838,2369
三农,6nr24MOzchSxt02WZH_sUpy-fX2OGOOp,253808,2023-06-16 00:00:00,15716,111374,5058897,2955
三农,6nr24MOzchSxt02WZH_sUpy-fX2OGOOp,254484,2023-06-17 00:00:00,16909,116236,5459177,3084
三农,6nr24MOzchSxt02WZH_sUpy-fX2OGOOp,254598,2023-06-18 00:00:00,19308,118538,6177446,3326
三农,6nr24MOzchSxt02WZH_sUpy-fX2OGOOp,254979,2023-06-19 00:00:00,20283,125370,6391701,3459
三农,6nr24MOzchSxt02WZH_sUpy-fX2OGOOp,255013,2023-06-20 00:00:00,20409,128216,6528799,3484
三农,6nr24MOzchSxt02WZH_sUpy-fX2OGOOp,255571,2023-06-21 00:00:00,21452,132940,6720146,3591
三农,6nr24MOzchSxt02WZH_sUpy-fX2OGOOp,255820,2023-06-22 00:00:00,21737,136944,6795063,3655
三农,6nr24MOzchSxt02WZH_sUpy-fX2OGOOp,256830,2023-06-23 00:00:00,21978,141349,6870391,3721
三农,6nr24MOzchSxt02WZH_sUpy-fX2OGOOp,257543,2023-06-24 00:00:00,22075,146251,6880637,3764
三农,6nr24MOzchSxt02WZH_sUpy-fX2OGOOp,262054,2023-06-25 00:00:00,24209,155086,7721734,4156
三农,6nr24MOzchSxt02WZH_sUpy-fX2OGOOp,265291,2023-06-26 00:00:00,25097,161515,7968063,4350
三农,6nr24MOzchSxt02WZH_sUpy-fX2OGOOp,265882,2023-06-27 00:00:00,26436,166919,8223940,4427
三农,6nr24MOzchSxt02WZH_sUpy-fX2OGOOp,266648,2023-06-28 00:00:00,26894,172421,8365334,4514
三农,6nr24MOzchSxt02WZH_sUpy-fX2OGOOp,269276,2023-06-29 00:00:00,27599,178416,8575119,4615
三农,6nr24MOzchSxt02WZH_sUpy-fX2OGOOp,270606,2023-06-30 00:00:00,28107,184381,8713516,4687
三农,6nr24MOzchSxt02WZH_sUpy-fX2OGOOp,272790,2023-07-01 00:00:00,691,6365,61666,93
三农,6nr24MOzchSxt02WZH_sUpy-fX2OGOOp,275392,2023-07-02 00:00:00,2540,12366,633520,276
三农,6nr24MOzchSxt02WZH_sUpy-fX2OGOOp,276181,2023-07-03 00:00:00,2699,16234,704410,302
三农,6nr24MOzchSxt02WZH_sUpy-fX2OGOOp,276139,2023-07-04 00:00:00,3152,17145,813761,354
三农,6nr24MOzchSxt02WZH_sUpy-fX2OGOOp,277400,2023-07-05 00:00:00,4317,26842,1181565,598
三农,6nr24MOzchSxt02WZH_sUpy-fX2OGOOp,277602,2023-07-06 00:00:00,4558,28518,1284185,669
三农,6nr24MOzchSxt02WZH_sUpy-fX2OGOOp,277882,2023-07-07 00:00:00,5232,34453,1476473,723
三农,6nr24MOzchSxt02WZH_sUpy-fX2OGOOp,277895,2023-07-08 00:00:00,5335,35346,1518237,753
三农,6nr24MOzchSxt02WZH_sUpy-fX2OGOOp,277896,2023-07-09 00:00:00,5473,36085,1545141,771
三农,6nr24MOzchSxt02WZH_sUpy-fX2OGOOp,278651,2023-07-10 00:00:00,6571,44958,1754650,905
三农,6nr24MOzchSxt02WZH_sUpy-fX2OGOOp,278699,2023-07-11 00:00:00,6883,46407,1908317,978
三农,6nr24MOzchSxt02WZH_sUpy-fX2OGOOp,278896,2023-07-12 00:00:00,6978,51324,1945072,996
三农,6nr24MOzchSxt02WZH_sUpy-fX2OGOOp,280116,2023-07-13 00:00:00,7032,56190,1953364,1025
三农,6nr24MOzchSxt02WZH_sUpy-fX2OGOOp,280504,2023-07-14 00:00:00,8153,58478,2316176,1212
三农,6nr24MOzchSxt02WZH_sUpy-fX2OGOOp,280805,2023-07-15 00:00:00,8802,65555,2492313,1299
三农,6nr24MOzchSxt02WZH_sUpy-fX2OGOOp,280926,2023-07-16 00:00:00,8923,68916,2556902,1336
三农,6nr24MOzchSxt02WZH_sUpy-fX2OGOOp,290202,2023-07-17 00:00:00,9123,73271,2595590,1421
三农,6nr24MOzchSxt02WZH_sUpy-fX2OGOOp,294396,2023-07-18 00:00:00,10069,78147,2947474,1565
三农,6nr24MOzchSxt02WZH_sUpy-fX2OGOOp,296728,2023-07-19 00:00:00,10200,85388,3053700,1606
三农,6nr24MOzchSxt02WZH_sUpy-fX2OGOOp,297401,2023-07-20 00:00:00,11255,87244,3354510,1705
三农,6nr24MOzchSxt02WZH_sUpy-fX2OGOOp,298488,2023-07-21 00:00:00,11329,91532,3377780,1731
三农,6nr24MOzchSxt02WZH_sUpy-fX2OGOOp,309671,2023-07-22 00:00:00,12280,115046,3648773,1930
三农,6nr24MOzchSxt02WZH_sUpy-fX2OGOOp,322283,2023-07-23 00:00:00,12715,138098,3760779,2122
三农,6nr24MOzchSxt02WZH_sUpy-fX2OGOOp,325605,2023-07-24 00:00:00,12929,148986,3945547,2238
三农,6nr24MOzchSxt02WZH_sUpy-fX2OGOOp,325900,2023-07-25 00:00:00,17618,150883,6824528,4663
三农,6nr24MOzchSxt02WZH_sUpy-fX2OGOOp,326405,2023-07-26 00:00:00,18456,154997,6960402,4774
三农,6nr24MOzchSxt02WZH_sUpy-fX2OGOOp,327536,2023-07-27 00:00:00,18675,158960,7039337,4853
三农,6nr24MOzchSxt02WZH_sUpy-fX2OGOOp,328637,2023-07-28 00:00:00,18889,164281,7039337,4935
三农,6nr24MOzchSxt02WZH_sUpy-fX2OGOOp,329018,2023-07-29 00:00:00,19529,165969,7374560,5009
三农,6nr24MOzchSxt02WZH_sUpy-fX2OGOOp,330082,2023-07-30 00:00:00,20206,170440,7545293,5119
三农,6nr24MOzchSxt02WZH_sUpy-fX2OGOOp,331269,2023-07-31 00:00:00,20647,177224,7688206,5167
三农,6nr24MOzchSxt02WZH_sUpy-fX2OGOOp,332206,2023-08-01 00:00:00,58,3922,39963,38
三农,6nr24MOzchSxt02WZH_sUpy-fX2OGOOp,333088,2023-08-02 00:00:00,1847,6820,692507,333
三农,6nr24MOzchSxt02WZH_sUpy-fX2OGOOp,334865,2023-08-03 00:00:00,2561,16794,1267917,439
三农,6nr24MOzchSxt02WZH_sUpy-fX2OGOOp,335511,2023-08-04 00:00:00,2781,21028,1404392,486
三农,6nr24MOzchSxt02WZH_sUpy-fX2OGOOp,336292,2023-08-05 00:00:00,2881,25136,1485695,518
三农,6nr24MOzchSxt02WZH_sUpy-fX2OGOOp,338166,2023-08-06 00:00:00,3858,32782,1824889,631
三农,6nr24MOzchSxt02WZH_sUpy-fX2OGOOp,339227,2023-08-07 00:00:00,4032,35394,1860076,710
三农,6nr24MOzchSxt02WZH_sUpy-fX2OGOOp,340121,2023-08-08 00:00:00,5023,37044,2128567,874
三农,6nr24MOzchSxt02WZH_sUpy-fX2OGOOp,346019,2023-08-09 00:00:00,5169,54508,2301714,915
三农,6nr24MOzchSxt02WZH_sUpy-fX2OGOOp,347570,2023-08-10 00:00:00,6979,60967,3724081,1228
三农,6nr24MOzchSxt02WZH_sUpy-fX2OGOOp,348429,2023-08-11 00:00:00,7057,63163,4009343,1260
三农,6nr24MOzchSxt02WZH_sUpy-fX2OGOOp,348429,2023-08-12 00:00:00,7517,63163,4192274,1335
三农,6nr24MOzchSxt02WZH_sUpy-fX2OGOOp,350843,2023-08-13 00:00:00,8264,71211,4429185,1457
三农,6nr24MOzchSxt02WZH_sUpy-fX2OGOOp,350843,2023-08-14 00:00:00,8347,71211,4474065,1471
三农,6nr24MOzchSxt02WZH_sUpy-fX2OGOOp,352866,2023-08-15 00:00:00,8425,80438,4640806,1498
三农,6nr24MOzchSxt02WZH_sUpy-fX2OGOOp,353625,2023-08-16 00:00:00,9263,84790,5019476,1615
三农,6nr24MOzchSxt02WZH_sUpy-fX2OGOOp,354431,2023-08-17 00:00:00,9343,88036,5082454,1630
三农,6nr24MOzchSxt02WZH_sUpy-fX2OGOOp,354958,2023-08-18 00:00:00,10104,91555,5331789,1711
三农,6nr24MOzchSxt02WZH_sUpy-fX2OGOOp,354958,2023-08-19 00:00:00,10179,91555,5401017,1728
三农,6nr24MOzchSxt02WZH_sUpy-fX2OGOOp,356083,2023-08-20 00:00:00,11156,96247,5756753,1870
三农,6nr24MOzchSxt02WZH_sUpy-fX2OGOOp,356083,2023-08-21 00:00:00,11234,96247,5803057,1889
三农,6nr24MOzchSxt02WZH_sUpy-fX2OGOOp,356083,2023-08-22 00:00:00,11933,96247,6070499,1993
三农,6nr24MOzchSxt02WZH_sUpy-fX2OGOOp,356083,2023-08-23 00:00:00,12010,96247,6126601,2014
三农,6nr24MOzchSxt02WZH_sUpy-fX2OGOOp,356083,2023-08-24 00:00:00,12722,96247,6425474,2073
三农,6nr24MOzchSxt02WZH_sUpy-fX2OGOOp,360498,2023-08-25 00:00:00,12774,118111,6516623,2084
三农,6nr24MOzchSxt02WZH_sUpy-fX2OGOOp,361582,2023-08-26 00:00:00,13665,123784,6863060,2178
三农,6nr24MOzchSxt02WZH_sUpy-fX2OGOOp,362339,2023-08-27 00:00:00,13688,127251,6939664,2201
三农,6nr24MOzchSxt02WZH_sUpy-fX2OGOOp,362339,2023-08-28 00:00:00,13972,127251,7035590,2225
三农,6nr24MOzchSxt02WZH_sUpy-fX2OGOOp,363036,2023-08-29 00:00:00,13996,129686,7071531,2228
三农,6nr24MOzchSxt02WZH_sUpy-fX2OGOOp,363686,2023-08-30 00:00:00,14301,133417,7216524,2263
三农,6nr24MOzchSxt02WZH_sUpy-fX2OGOOp,363935,2023-08-31 00:00:00,14500,136412,7347242,2276
三农,6nr24MOzchSxt02WZH_sUpy-fX2OGOOp,364086,2023-09-01 00:00:00,453,2416,131799,60
三农,6nr24MOzchSxt02WZH_sUpy-fX2OGOOp,364333,2023-09-02 00:00:00,970,4283,263485,99
三农,6nr24MOzchSxt02WZH_sUpy-fX2OGOOp,364986,2023-09-03 00:00:00,1054,8763,282500,107
三农,6nr24MOzchSxt02WZH_sUpy-fX2OGOOp,364986,2023-09-04 00:00:00,1122,8763,303752,124
三农,6nr24MOzchSxt02WZH_sUpy-fX2OGOOp,365994,2023-09-05 00:00:00,1482,14414,425942,170
三农,6nr24MOzchSxt02WZH_sUpy-fX2OGOOp,366703,2023-09-06 00:00:00,2060,16619,684367,249
三农,6nr24MOzchSxt02WZH_sUpy-fX2OGOOp,367077,2023-09-07 00:00:00,2134,17674,763597,283
三农,6nr24MOzchSxt02WZH_sUpy-fX2OGOOp,367411,2023-09-08 00:00:00,2199,23143,790458,290
三农,6nr24MOzchSxt02WZH_sUpy-fX2OGOOp,367841,2023-09-09 00:00:00,3059,28907,1054901,418
三农,6nr24MOzchSxt02WZH_sUpy-fX2OGOOp,368025,2023-09-10 00:00:00,3773,30437,1227766,528
三农,6nr24MOzchSxt02WZH_sUpy-fX2OGOOp,368126,2023-09-11 00:00:00,3827,31368,1321448,549
三农,6nr24MOzchSxt02WZH_sUpy-fX2OGOOp,368928,2023-09-12 00:00:00,3923,37334,1358648,573
三农,6nr24MOzchSxt02WZH_sUpy-fX2OGOOp,368928,2023-09-13 00:00:00,4863,37334,1605717,687
三农,6nr24MOzchSxt02WZH_sUpy-fX2OGOOp,369887,2023-09-14 00:00:00,4973,45104,1676576,703
三农,6nr24MOzchSxt02WZH_sUpy-fX2OGOOp,370158,2023-09-15 00:00:00,5596,48424,2070624,759
三农,6nr24MOzchSxt02WZH_sUpy-fX2OGOOp,370465,2023-09-16 00:00:00,5809,51305,2121494,808
三农,6nr24MOzchSxt02WZH_sUpy-fX2OGOOp,370592,2023-09-17 00:00:00,6248,52456,2298039,861
三农,6nr24MOzchSxt02WZH_sUpy-fX2OGOOp,371238,2023-09-18 00:00:00,6248,57498,2353332,861
三农,6nr24MOzchSxt02WZH_sUpy-fX2OGOOp,372412,2023-09-19 00:00:00,6445,63842,2364638,894
三农,6nr24MOzchSxt02WZH_sUpy-fX2OGOOp,372613,2023-09-20 00:00:00,6924,66889,2816652,1018
三农,6nr24MOzchSxt02WZH_sUpy-fX2OGOOp,372730,2023-09-21 00:00:00,7033,69446,2821395,1056
三农,6nr24MOzchSxt02WZH_sUpy-fX2OGOOp,372860,2023-09-22 00:00:00,7570,74764,3183996,1516
三农,6nr24MOzchSxt02WZH_sUpy-fX2OGOOp,372958,2023-09-23 00:00:00,7725,76392,3259980,1594
三农,6nr24MOzchSxt02WZH_sUpy-fX2OGOOp,373060,2023-09-24 00:00:00,7751,79385,3304779,1661
三农,6nr24MOzchSxt02WZH_sUpy-fX2OGOOp,373060,2023-09-25 00:00:00,7773,79385,3332201,1669
三农,6nr24MOzchSxt02WZH_sUpy-fX2OGOOp,373379,2023-09-26 00:00:00,7856,84181,3352283,1707
三农,6nr24MOzchSxt02WZH_sUpy-fX2OGOOp,373600,2023-09-27 00:00:00,9425,91491,3899491,1875
三农,6nr24MOzchSxt02WZH_sUpy-fX2OGOOp,373677,2023-09-28 00:00:00,9488,92480,3959213,1880
三农,6nr24MOzchSxt02WZH_sUpy-fX2OGOOp,373734,2023-09-29 00:00:00,9656,93843,3982339,1901
三农,6nr24MOzchSxt02WZH_sUpy-fX2OGOOp,373839,2023-09-30 00:00:00,9975,96780,4106936,1964
三农,6nr24MOzchSxt02WZH_sUpy-fX2OGOOp,373953,2023-10-01 00:00:00,73,1085,23407,28
三农,6nr24MOzchSxt02WZH_sUpy-fX2OGOOp,373989,2023-10-02 00:00:00,101,6352,136631,97
三农,6nr24MOzchSxt02WZH_sUpy-fX2OGOOp,374005,2023-10-03 00:00:00,172,7794,159125,114
三农,6nr24MOzchSxt02WZH_sUpy-fX2OGOOp,374114,2023-10-04 00:00:00,386,10620,239217,134
三农,6nr24MOzchSxt02WZH_sUpy-fX2OGOOp,374136,2023-10-05 00:00:00,-150,11258,56724,51
三农,6nr24MOzchSxt02WZH_sUpy-fX2OGOOp,374141,2023-10-06 00:00:00,129,13887,131940,99
三农,6nr24MOzchSxt02WZH_sUpy-fX2OGOOp,374146,2023-10-07 00:00:00,162,14781,154548,101
三农,6nr24MOzchSxt02WZH_sUpy-fX2OGOOp,374146,2023-10-08 00:00:00,181,14781,167853,104
三农,6nr24MOzchSxt02WZH_sUpy-fX2OGOOp,375862,2023-10-09 00:00:00,2835,25208,887366,399
三农,6nr24MOzchSxt02WZH_sUpy-fX2OGOOp,375862,2023-10-10 00:00:00,4189,25208,1989351,681
三农,6nr24MOzchSxt02WZH_sUpy-fX2OGOOp,380652,2023-10-11 00:00:00,4752,43996,2219111,995
三农,6nr24MOzchSxt02WZH_sUpy-fX2OGOOp,405579,2023-10-12 00:00:00,4832,104748,2572800,1025
三农,6nr24MOzchSxt02WZH_sUpy-fX2OGOOp,406785,2023-10-13 00:00:00,4946,110782,2572800,1081
三农,6nr24MOzchSxt02WZH_sUpy-fX2OGOOp,407818,2023-10-14 00:00:00,15643,116295,6854194,66148
三农,6nr24MOzchSxt02WZH_sUpy-fX2OGOOp,408939,2023-10-15 00:00:00,17393,119371,7429802,66930
三农,6nr24MOzchSxt02WZH_sUpy-fX2OGOOp,409671,2023-10-16 00:00:00,17962,124163,7606255,67146
三农,6nr24MOzchSxt02WZH_sUpy-fX2OGOOp,409671,2023-10-17 00:00:00,18116,124163,7659471,67287
三农,6nr24MOzchSxt02WZH_sUpy-fX2OGOOp,415824,2023-10-18 00:00:00,21032,146459,8914998,68215
三农,6nr24MOzchSxt02WZH_sUpy-fX2OGOOp,416463,2023-10-19 00:00:00,21355,148284,8914998,68855
三农,6nr24MOzchSxt02WZH_sUpy-fX2OGOOp,424925,2023-10-20 00:00:00,21497,174109,9275180,69071
三农,6nr24MOzchSxt02WZH_sUpy-fX2OGOOp,425606,2023-10-21 00:00:00,21512,177862,9301435,69156
三农,6nr24MOzchSxt02WZH_sUpy-fX2OGOOp,426122,2023-10-22 00:00:00,24503,180940,10573562,76344
三农,6nr24MOzchSxt02WZH_sUpy-fX2OGOOp,429936,2023-10-23 00:00:00,25753,197237,10792681,76504
三农,6nr24MOzchSxt02WZH_sUpy-fX2OGOOp,437717,2023-10-24 00:00:00,27144,208032,12362570,77008
三农,6nr24MOzchSxt02WZH_sUpy-fX2OGOOp,444999,2023-10-25 00:00:00,27705,223383,13085112,77220
三农,6nr24MOzchSxt02WZH_sUpy-fX2OGOOp,446318,2023-10-26 00:00:00,28692,225824,13774591,77441
三农,6nr24MOzchSxt02WZH_sUpy-fX2OGOOp,447928,2023-10-27 00:00:00,29059,228572,13973774,77595
三农,6nr24MOzchSxt02WZH_sUpy-fX2OGOOp,451887,2023-10-28 00:00:00,29296,245011,14196802,77808
三农,6nr24MOzchSxt02WZH_sUpy-fX2OGOOp,453808,2023-10-29 00:00:00,32052,254901,15139687,80464
三农,6nr24MOzchSxt02WZH_sUpy-fX2OGOOp,456761,2023-10-30 00:00:00,33942,265891,15932530,80963
三农,6nr24MOzchSxt02WZH_sUpy-fX2OGOOp,457682,2023-10-31 00:00:00,34189,272002,16121309,81126
三农,6nr24MOzchSxt02WZH_sUpy-fX2OGOOp,458612,2023-11-01 00:00:00,1653,4842,600601,684
三农,6nr24MOzchSxt02WZH_sUpy-fX2OGOOp,460512,2023-11-02 00:00:00,1992,17564,730426,955
三农,6nr24MOzchSxt02WZH_sUpy-fX2OGOOp,460995,2023-11-03 00:00:00,3738,21050,1131783,1258
三农,6nr24MOzchSxt02WZH_sUpy-fX2OGOOp,463051,2023-11-04 00:00:00,4200,29872,1259569,1501
三农,6nr24MOzchSxt02WZH_sUpy-fX2OGOOp,466132,2023-11-05 00:00:00,4958,41624,1422498,1879
三农,6nr24MOzchSxt02WZH_sUpy-fX2OGOOp,467387,2023-11-06 00:00:00,7058,49146,2130194,3692
三农,6nr24MOzchSxt02WZH_sUpy-fX2OGOOp,468595,2023-11-07 00:00:00,7875,56295,2451348,3935
三农,6nr24MOzchSxt02WZH_sUpy-fX2OGOOp,469972,2023-11-08 00:00:00,8331,63060,2585427,4230
三农,6nr24MOzchSxt02WZH_sUpy-fX2OGOOp,470931,2023-11-09 00:00:00,9424,69590,3012821,4495
三农,6nr24MOzchSxt02WZH_sUpy-fX2OGOOp,471264,2023-11-10 00:00:00,9729,72287,3037714,4650
三农,6nr24MOzchSxt02WZH_sUpy-fX2OGOOp,472125,2023-11-11 00:00:00,9899,77796,3140985,4768
三农,6nr24MOzchSxt02WZH_sUpy-fX2OGOOp,472448,2023-11-12 00:00:00,10016,79791,3144825,4861
三农,6nr24MOzchSxt02WZH_sUpy-fX2OGOOp,472868,2023-11-13 00:00:00,10219,81291,3191462,5086
三农,6nr24MOzchSxt02WZH_sUpy-fX2OGOOp,475302,2023-11-14 00:00:00,10859,91708,3452506,5229
三农,6nr24MOzchSxt02WZH_sUpy-fX2OGOOp,475672,2023-11-15 00:00:00,12341,94985,3938488,6127
三农,6nr24MOzchSxt02WZH_sUpy-fX2OGOOp,478527,2023-11-16 00:00:00,12349,107002,3983703,6133
三农,6nr24MOzchSxt02WZH_sUpy-fX2OGOOp,479107,2023-11-17 00:00:00,12470,112128,3983703,6255
三农,6nr24MOzchSxt02WZH_sUpy-fX2OGOOp,480216,2023-11-18 00:00:00,14116,117175,5268152,6924
三农,6nr24MOzchSxt02WZH_sUpy-fX2OGOOp,480862,2023-11-19 00:00:00,14269,122022,5268152,7015
三农,6nr24MOzchSxt02WZH_sUpy-fX2OGOOp,481168,2023-11-20 00:00:00,15113,124191,5871879,7310
三农,6nr24MOzchSxt02WZH_sUpy-fX2OGOOp,482459,2023-11-21 00:00:00,15286,126569,5871879,7392
三农,6nr24MOzchSxt02WZH_sUpy-fX2OGOOp,483557,2023-11-22 00:00:00,15852,136824,6146993,7520
三农,6nr24MOzchSxt02WZH_sUpy-fX2OGOOp,484320,2023-11-23 00:00:00,15918,144995,6146993,7589
三农,6nr24MOzchSxt02WZH_sUpy-fX2OGOOp,486842,2023-11-24 00:00:00,16020,155216,6146993,7682
三农,6nr24MOzchSxt02WZH_sUpy-fX2OGOOp,488333,2023-11-25 00:00:00,17159,160129,6457785,8161
三农,6nr24MOzchSxt02WZH_sUpy-fX2OGOOp,491279,2023-11-26 00:00:00,17199,168967,6520955,8199
三农,6nr24MOzchSxt02WZH_sUpy-fX2OGOOp,492310,2023-11-27 00:00:00,19003,174887,7902619,8999
三农,6nr24MOzchSxt02WZH_sUpy-fX2OGOOp,494368,2023-11-28 00:00:00,19160,183229,7902619,9102
三农,6nr24MOzchSxt02WZH_sUpy-fX2OGOOp,495779,2023-11-29 00:00:00,22641,188306,9291546,9837
三农,6nr24MOzchSxt02WZH_sUpy-fX2OGOOp,498306,2023-11-30 00:00:00,23314,202211,9360662,10133
三农,6nr24MOzchSxt02WZH_sUpy-fX2OGOOp,499750,2023-12-01 00:00:00,324,7910,337419,150
三农,6nr24MOzchSxt02WZH_sUpy-fX2OGOOp,502459,2023-12-02 00:00:00,1686,21107,1252229,1190
三农,6nr24MOzchSxt02WZH_sUpy-fX2OGOOp,506997,2023-12-03 00:00:00,2168,35810,1252229,1564
三农,6nr24MOzchSxt02WZH_sUpy-fX2OGOOp,509162,2023-12-04 00:00:00,3365,42046,2338762,2067
三农,6nr24MOzchSxt02WZH_sUpy-fX2OGOOp,511802,2023-12-05 00:00:00,7103,53381,4030516,15742
三农,6nr24MOzchSxt02WZH_sUpy-fX2OGOOp,511928,2023-12-06 00:00:00,7122,53526,4229881,15775
三农,6nr24MOzchSxt02WZH_sUpy-fX2OGOOp,511970,2023-12-07 00:00:00,7801,53574,4549838,16002
三农,6nr24MOzchSxt02WZH_sUpy-fX2OGOOp,511999,2023-12-08 00:00:00,7813,53676,4549838,16009
三农,6nr24MOzchSxt02WZH_sUpy-fX2OGOOp,512158,2023-12-09 00:00:00,7823,53736,4582611,16021
三农,6nr24MOzchSxt02WZH_sUpy-fX2OGOOp,512332,2023-12-10 00:00:00,7832,53755,4582611,16026
三农,6nr24MOzchSxt02WZH_sUpy-fX2OGOOp,512580,2023-12-11 00:00:00,7840,53719,4582611,16029
三农,6nr24MOzchSxt02WZH_sUpy-fX2OGOOp,512565,2023-12-12 00:00:00,7845,53678,4582611,16052
三农,6nr24MOzchSxt02WZH_sUpy-fX2OGOOp,512553,2023-12-13 00:00:00,7846,53622,4582611,16060
三农,6nr24MOzchSxt02WZH_sUpy-fX2OGOOp,512517,2023-12-14 00:00:00,7848,53424,4582611,16066
三农,6nr24MOzchSxt02WZH_sUpy-fX2OGOOp,512543,2023-12-15 00:00:00,7849,53311,4582611,16079
三农,6nr24MOzchSxt02WZH_sUpy-fX2OGOOp,512543,2023-12-16 00:00:00,7852,53278,4582611,16086
三农,6nr24MOzchSxt02WZH_sUpy-fX2OGOOp,512595,2023-12-17 00:00:00,7854,53217,4582611,16088
三农,6nr24MOzchSxt02WZH_sUpy-fX2OGOOp,512856,2023-12-18 00:00:00,7857,53154,4582611,16090
三农,6nr24MOzchSxt02WZH_sUpy-fX2OGOOp,512971,2023-12-19 00:00:00,7921,53115,4582611,16127
三农,6nr24MOzchSxt02WZH_sUpy-fX2OGOOp,513450,2023-12-20 00:00:00,9118,59995,4946540,16388
三农,6nr24MOzchSxt02WZH_sUpy-fX2OGOOp,514000,2023-12-21 00:00:00,9191,67343,4994383,16410
三农,6nr24MOzchSxt02WZH_sUpy-fX2OGOOp,514000,2023-12-22 00:00:00,9241,67343,5017390,16438
三农,6nr24MOzchSxt02WZH_sUpy-fX2OGOOp,515094,2023-12-23 00:00:00,11205,74384,5883095,17174
三农,6nr24MOzchSxt02WZH_sUpy-fX2OGOOp,516321,2023-12-24 00:00:00,11740,83470,6119521,17292
